<?xml version="1.0" ?>
<FlowMonitor>
  <FlowStats>
    <Flow flowId="1" timeFirstTxPacket="+3000000000.0ns" timeFirstRxPacket="+3006963497.0ns" timeLastTxPacket="+49999572946.0ns" timeLastRxPacket="+49998491305.0ns" delaySum="+6061127038564.0ns" jitterSum="+53465532430.0ns" lastDelay="+143236555.0ns" txBytes="45048852" rxBytes="44912092" txPackets="42824" rxPackets="42694" lostPackets="0" timesForwarded="0">
      <delayHistogram nBins="174" >
        <bin index="0" start="0" width="0.001" count="4" />
        <bin index="1" start="0.001" width="0.001" count="7" />
        <bin index="2" start="0.002" width="0.001" count="4" />
        <bin index="3" start="0.003" width="0.001" count="6" />
        <bin index="4" start="0.004" width="0.001" count="6" />
        <bin index="5" start="0.005" width="0.001" count="5" />
        <bin index="6" start="0.006" width="0.001" count="6" />
        <bin index="7" start="0.007" width="0.001" count="4" />
        <bin index="8" start="0.008" width="0.001" count="3" />
        <bin index="9" start="0.009" width="0.001" count="5" />
        <bin index="10" start="0.01" width="0.001" count="5" />
        <bin index="11" start="0.011" width="0.001" count="6" />
        <bin index="12" start="0.012" width="0.001" count="8" />
        <bin index="13" start="0.013" width="0.001" count="7" />
        <bin index="14" start="0.014" width="0.001" count="5" />
        <bin index="15" start="0.015" width="0.001" count="3" />
        <bin index="16" start="0.016" width="0.001" count="6" />
        <bin index="17" start="0.017" width="0.001" count="3" />
        <bin index="18" start="0.018" width="0.001" count="4" />
        <bin index="19" start="0.019" width="0.001" count="3" />
        <bin index="20" start="0.02" width="0.001" count="4" />
        <bin index="21" start="0.021" width="0.001" count="4" />
        <bin index="22" start="0.022" width="0.001" count="5" />
        <bin index="23" start="0.023" width="0.001" count="7" />
        <bin index="24" start="0.024" width="0.001" count="5" />
        <bin index="25" start="0.025" width="0.001" count="1" />
        <bin index="26" start="0.026" width="0.001" count="5" />
        <bin index="27" start="0.027" width="0.001" count="7" />
        <bin index="28" start="0.028" width="0.001" count="8" />
        <bin index="29" start="0.029" width="0.001" count="7" />
        <bin index="30" start="0.03" width="0.001" count="2" />
        <bin index="31" start="0.031" width="0.001" count="3" />
        <bin index="32" start="0.032" width="0.001" count="6" />
        <bin index="33" start="0.033" width="0.001" count="5" />
        <bin index="34" start="0.034" width="0.001" count="5" />
        <bin index="35" start="0.035" width="0.001" count="6" />
        <bin index="36" start="0.036" width="0.001" count="5" />
        <bin index="37" start="0.037" width="0.001" count="7" />
        <bin index="38" start="0.038" width="0.001" count="5" />
        <bin index="39" start="0.039" width="0.001" count="4" />
        <bin index="40" start="0.04" width="0.001" count="3" />
        <bin index="41" start="0.041" width="0.001" count="8" />
        <bin index="42" start="0.042" width="0.001" count="6" />
        <bin index="43" start="0.043" width="0.001" count="6" />
        <bin index="44" start="0.044" width="0.001" count="5" />
        <bin index="45" start="0.045" width="0.001" count="6" />
        <bin index="46" start="0.046" width="0.001" count="5" />
        <bin index="47" start="0.047" width="0.001" count="5" />
        <bin index="48" start="0.048" width="0.001" count="8" />
        <bin index="49" start="0.049" width="0.001" count="6" />
        <bin index="50" start="0.05" width="0.001" count="5" />
        <bin index="51" start="0.051" width="0.001" count="3" />
        <bin index="52" start="0.052" width="0.001" count="4" />
        <bin index="53" start="0.053" width="0.001" count="6" />
        <bin index="54" start="0.054" width="0.001" count="6" />
        <bin index="55" start="0.055" width="0.001" count="4" />
        <bin index="56" start="0.056" width="0.001" count="4" />
        <bin index="57" start="0.057" width="0.001" count="6" />
        <bin index="58" start="0.058" width="0.001" count="8" />
        <bin index="59" start="0.059" width="0.001" count="7" />
        <bin index="60" start="0.06" width="0.001" count="4" />
        <bin index="61" start="0.061" width="0.001" count="3" />
        <bin index="62" start="0.062" width="0.001" count="3" />
        <bin index="63" start="0.063" width="0.001" count="4" />
        <bin index="64" start="0.064" width="0.001" count="5" />
        <bin index="65" start="0.065" width="0.001" count="4" />
        <bin index="66" start="0.066" width="0.001" count="4" />
        <bin index="67" start="0.067" width="0.001" count="7" />
        <bin index="68" start="0.068" width="0.001" count="4" />
        <bin index="69" start="0.069" width="0.001" count="3" />
        <bin index="70" start="0.07" width="0.001" count="5" />
        <bin index="71" start="0.071" width="0.001" count="6" />
        <bin index="72" start="0.072" width="0.001" count="7" />
        <bin index="73" start="0.073" width="0.001" count="7" />
        <bin index="74" start="0.074" width="0.001" count="14" />
        <bin index="75" start="0.075" width="0.001" count="79" />
        <bin index="76" start="0.076" width="0.001" count="296" />
        <bin index="77" start="0.077" width="0.001" count="264" />
        <bin index="78" start="0.078" width="0.001" count="292" />
        <bin index="79" start="0.079" width="0.001" count="238" />
        <bin index="80" start="0.08" width="0.001" count="75" />
        <bin index="81" start="0.081" width="0.001" count="9" />
        <bin index="82" start="0.082" width="0.001" count="3" />
        <bin index="83" start="0.083" width="0.001" count="4" />
        <bin index="84" start="0.084" width="0.001" count="1" />
        <bin index="85" start="0.085" width="0.001" count="1" />
        <bin index="86" start="0.086" width="0.001" count="2" />
        <bin index="87" start="0.087" width="0.001" count="1" />
        <bin index="88" start="0.088" width="0.001" count="2" />
        <bin index="89" start="0.089" width="0.001" count="2" />
        <bin index="92" start="0.092" width="0.001" count="3" />
        <bin index="93" start="0.093" width="0.001" count="1" />
        <bin index="96" start="0.096" width="0.001" count="2" />
        <bin index="97" start="0.097" width="0.001" count="3" />
        <bin index="98" start="0.098" width="0.001" count="2" />
        <bin index="100" start="0.1" width="0.001" count="1" />
        <bin index="101" start="0.101" width="0.001" count="1" />
        <bin index="102" start="0.102" width="0.001" count="4" />
        <bin index="103" start="0.103" width="0.001" count="2" />
        <bin index="104" start="0.104" width="0.001" count="2" />
        <bin index="105" start="0.105" width="0.001" count="3" />
        <bin index="106" start="0.106" width="0.001" count="2" />
        <bin index="107" start="0.107" width="0.001" count="2" />
        <bin index="108" start="0.108" width="0.001" count="1" />
        <bin index="109" start="0.109" width="0.001" count="1" />
        <bin index="110" start="0.11" width="0.001" count="3" />
        <bin index="112" start="0.112" width="0.001" count="3" />
        <bin index="113" start="0.113" width="0.001" count="1" />
        <bin index="114" start="0.114" width="0.001" count="1" />
        <bin index="115" start="0.115" width="0.001" count="4" />
        <bin index="116" start="0.116" width="0.001" count="2" />
        <bin index="117" start="0.117" width="0.001" count="3" />
        <bin index="118" start="0.118" width="0.001" count="3" />
        <bin index="119" start="0.119" width="0.001" count="8" />
        <bin index="120" start="0.12" width="0.001" count="10" />
        <bin index="121" start="0.121" width="0.001" count="15" />
        <bin index="122" start="0.122" width="0.001" count="15" />
        <bin index="123" start="0.123" width="0.001" count="18" />
        <bin index="124" start="0.124" width="0.001" count="48" />
        <bin index="125" start="0.125" width="0.001" count="71" />
        <bin index="126" start="0.126" width="0.001" count="99" />
        <bin index="127" start="0.127" width="0.001" count="121" />
        <bin index="128" start="0.128" width="0.001" count="192" />
        <bin index="129" start="0.129" width="0.001" count="252" />
        <bin index="130" start="0.13" width="0.001" count="338" />
        <bin index="131" start="0.131" width="0.001" count="500" />
        <bin index="132" start="0.132" width="0.001" count="549" />
        <bin index="133" start="0.133" width="0.001" count="675" />
        <bin index="134" start="0.134" width="0.001" count="898" />
        <bin index="135" start="0.135" width="0.001" count="1110" />
        <bin index="136" start="0.136" width="0.001" count="1266" />
        <bin index="137" start="0.137" width="0.001" count="1457" />
        <bin index="138" start="0.138" width="0.001" count="1528" />
        <bin index="139" start="0.139" width="0.001" count="1540" />
        <bin index="140" start="0.14" width="0.001" count="1714" />
        <bin index="141" start="0.141" width="0.001" count="2016" />
        <bin index="142" start="0.142" width="0.001" count="2162" />
        <bin index="143" start="0.143" width="0.001" count="2249" />
        <bin index="144" start="0.144" width="0.001" count="2177" />
        <bin index="145" start="0.145" width="0.001" count="2110" />
        <bin index="146" start="0.146" width="0.001" count="2031" />
        <bin index="147" start="0.147" width="0.001" count="1970" />
        <bin index="148" start="0.148" width="0.001" count="1841" />
        <bin index="149" start="0.149" width="0.001" count="1675" />
        <bin index="150" start="0.15" width="0.001" count="1535" />
        <bin index="151" start="0.151" width="0.001" count="1405" />
        <bin index="152" start="0.152" width="0.001" count="1201" />
        <bin index="153" start="0.153" width="0.001" count="1098" />
        <bin index="154" start="0.154" width="0.001" count="954" />
        <bin index="155" start="0.155" width="0.001" count="849" />
        <bin index="156" start="0.156" width="0.001" count="749" />
        <bin index="157" start="0.157" width="0.001" count="577" />
        <bin index="158" start="0.158" width="0.001" count="459" />
        <bin index="159" start="0.159" width="0.001" count="335" />
        <bin index="160" start="0.16" width="0.001" count="286" />
        <bin index="161" start="0.161" width="0.001" count="218" />
        <bin index="162" start="0.162" width="0.001" count="178" />
        <bin index="163" start="0.163" width="0.001" count="141" />
        <bin index="164" start="0.164" width="0.001" count="104" />
        <bin index="165" start="0.165" width="0.001" count="57" />
        <bin index="166" start="0.166" width="0.001" count="46" />
        <bin index="167" start="0.167" width="0.001" count="42" />
        <bin index="168" start="0.168" width="0.001" count="40" />
        <bin index="169" start="0.169" width="0.001" count="23" />
        <bin index="170" start="0.17" width="0.001" count="17" />
        <bin index="171" start="0.171" width="0.001" count="7" />
        <bin index="172" start="0.172" width="0.001" count="5" />
        <bin index="173" start="0.173" width="0.001" count="2" />
      </delayHistogram>
      <jitterHistogram nBins="16" >
        <bin index="0" start="0" width="0.001" count="18632" />
        <bin index="1" start="0.001" width="0.001" count="17534" />
        <bin index="2" start="0.002" width="0.001" count="4263" />
        <bin index="3" start="0.003" width="0.001" count="1489" />
        <bin index="4" start="0.004" width="0.001" count="473" />
        <bin index="5" start="0.005" width="0.001" count="166" />
        <bin index="6" start="0.006" width="0.001" count="65" />
        <bin index="7" start="0.007" width="0.001" count="40" />
        <bin index="8" start="0.008" width="0.001" count="13" />
        <bin index="9" start="0.009" width="0.001" count="4" />
        <bin index="10" start="0.01" width="0.001" count="2" />
        <bin index="11" start="0.011" width="0.001" count="4" />
        <bin index="12" start="0.012" width="0.001" count="2" />
        <bin index="13" start="0.013" width="0.001" count="1" />
        <bin index="14" start="0.014" width="0.001" count="2" />
        <bin index="15" start="0.015" width="0.001" count="3" />
      </jitterHistogram>
      <packetSizeHistogram nBins="53" >
        <bin index="2" start="40" width="20" count="2" />
        <bin index="52" start="1040" width="20" count="42692" />
      </packetSizeHistogram>
      <flowInterruptionsHistogram nBins="0" >
      </flowInterruptionsHistogram>
    </Flow>
    <Flow flowId="2" timeFirstTxPacket="+3006963497.0ns" timeFirstRxPacket="+3013695328.0ns" timeLastTxPacket="+49998061973.0ns" timeLastRxPacket="+49999195135.0ns" delaySum="+23409304328.0ns" jitterSum="+16743881755.0ns" lastDelay="+1133162.0ns" txBytes="1110048" rxBytes="1110048" txPackets="21347" rxPackets="21347" lostPackets="0" timesForwarded="0">
      <delayHistogram nBins="11" >
        <bin index="0" start="0" width="0.001" count="10788" />
        <bin index="1" start="0.001" width="0.001" count="8454" />
        <bin index="2" start="0.002" width="0.001" count="1651" />
        <bin index="3" start="0.003" width="0.001" count="357" />
        <bin index="4" start="0.004" width="0.001" count="56" />
        <bin index="5" start="0.005" width="0.001" count="23" />
        <bin index="6" start="0.006" width="0.001" count="8" />
        <bin index="7" start="0.007" width="0.001" count="6" />
        <bin index="8" start="0.008" width="0.001" count="3" />
        <bin index="10" start="0.01" width="0.001" count="1" />
      </delayHistogram>
      <jitterHistogram nBins="10" >
        <bin index="0" start="0" width="0.001" count="14676" />
        <bin index="1" start="0.001" width="0.001" count="5679" />
        <bin index="2" start="0.002" width="0.001" count="873" />
        <bin index="3" start="0.003" width="0.001" count="87" />
        <bin index="4" start="0.004" width="0.001" count="17" />
        <bin index="5" start="0.005" width="0.001" count="6" />
        <bin index="6" start="0.006" width="0.001" count="3" />
        <bin index="7" start="0.007" width="0.001" count="4" />
        <bin index="9" start="0.009" width="0.001" count="1" />
      </jitterHistogram>
      <packetSizeHistogram nBins="3" >
        <bin index="2" start="40" width="20" count="21347" />
      </packetSizeHistogram>
      <flowInterruptionsHistogram nBins="0" >
      </flowInterruptionsHistogram>
    </Flow>
    <Flow flowId="3" timeFirstTxPacket="+4000000000.0ns" timeFirstRxPacket="+4006518966.0ns" timeLastTxPacket="+49999985431.0ns" timeLastRxPacket="+49999611303.0ns" delaySum="+5923540024558.0ns" jitterSum="+52551737660.0ns" lastDelay="+146344038.0ns" txBytes="43091080" rxBytes="42955372" txPackets="40963" rxPackets="40834" lostPackets="0" timesForwarded="0">
      <delayHistogram nBins="179" >
        <bin index="0" start="0" width="0.001" count="1" />
        <bin index="1" start="0.001" width="0.001" count="7" />
        <bin index="2" start="0.002" width="0.001" count="5" />
        <bin index="3" start="0.003" width="0.001" count="4" />
        <bin index="4" start="0.004" width="0.001" count="5" />
        <bin index="5" start="0.005" width="0.001" count="4" />
        <bin index="6" start="0.006" width="0.001" count="2" />
        <bin index="7" start="0.007" width="0.001" count="2" />
        <bin index="8" start="0.008" width="0.001" count="2" />
        <bin index="9" start="0.009" width="0.001" count="3" />
        <bin index="10" start="0.01" width="0.001" count="3" />
        <bin index="11" start="0.011" width="0.001" count="3" />
        <bin index="12" start="0.012" width="0.001" count="1" />
        <bin index="13" start="0.013" width="0.001" count="2" />
        <bin index="14" start="0.014" width="0.001" count="1" />
        <bin index="15" start="0.015" width="0.001" count="1" />
        <bin index="16" start="0.016" width="0.001" count="3" />
        <bin index="17" start="0.017" width="0.001" count="1" />
        <bin index="18" start="0.018" width="0.001" count="2" />
        <bin index="19" start="0.019" width="0.001" count="4" />
        <bin index="20" start="0.02" width="0.001" count="3" />
        <bin index="21" start="0.021" width="0.001" count="6" />
        <bin index="22" start="0.022" width="0.001" count="2" />
        <bin index="23" start="0.023" width="0.001" count="2" />
        <bin index="24" start="0.024" width="0.001" count="3" />
        <bin index="25" start="0.025" width="0.001" count="1" />
        <bin index="26" start="0.026" width="0.001" count="3" />
        <bin index="27" start="0.027" width="0.001" count="4" />
        <bin index="28" start="0.028" width="0.001" count="1" />
        <bin index="29" start="0.029" width="0.001" count="2" />
        <bin index="30" start="0.03" width="0.001" count="3" />
        <bin index="32" start="0.032" width="0.001" count="2" />
        <bin index="33" start="0.033" width="0.001" count="1" />
        <bin index="34" start="0.034" width="0.001" count="1" />
        <bin index="35" start="0.035" width="0.001" count="4" />
        <bin index="36" start="0.036" width="0.001" count="1" />
        <bin index="37" start="0.037" width="0.001" count="3" />
        <bin index="38" start="0.038" width="0.001" count="3" />
        <bin index="39" start="0.039" width="0.001" count="5" />
        <bin index="41" start="0.041" width="0.001" count="2" />
        <bin index="42" start="0.042" width="0.001" count="3" />
        <bin index="43" start="0.043" width="0.001" count="3" />
        <bin index="44" start="0.044" width="0.001" count="4" />
        <bin index="45" start="0.045" width="0.001" count="1" />
        <bin index="46" start="0.046" width="0.001" count="5" />
        <bin index="47" start="0.047" width="0.001" count="3" />
        <bin index="48" start="0.048" width="0.001" count="3" />
        <bin index="49" start="0.049" width="0.001" count="6" />
        <bin index="50" start="0.05" width="0.001" count="6" />
        <bin index="51" start="0.051" width="0.001" count="5" />
        <bin index="52" start="0.052" width="0.001" count="3" />
        <bin index="53" start="0.053" width="0.001" count="3" />
        <bin index="54" start="0.054" width="0.001" count="3" />
        <bin index="55" start="0.055" width="0.001" count="1" />
        <bin index="56" start="0.056" width="0.001" count="5" />
        <bin index="57" start="0.057" width="0.001" count="6" />
        <bin index="58" start="0.058" width="0.001" count="2" />
        <bin index="59" start="0.059" width="0.001" count="1" />
        <bin index="61" start="0.061" width="0.001" count="2" />
        <bin index="62" start="0.062" width="0.001" count="2" />
        <bin index="64" start="0.064" width="0.001" count="2" />
        <bin index="65" start="0.065" width="0.001" count="5" />
        <bin index="66" start="0.066" width="0.001" count="4" />
        <bin index="67" start="0.067" width="0.001" count="6" />
        <bin index="68" start="0.068" width="0.001" count="3" />
        <bin index="69" start="0.069" width="0.001" count="1" />
        <bin index="70" start="0.07" width="0.001" count="2" />
        <bin index="71" start="0.071" width="0.001" count="2" />
        <bin index="72" start="0.072" width="0.001" count="7" />
        <bin index="73" start="0.073" width="0.001" count="3" />
        <bin index="74" start="0.074" width="0.001" count="1" />
        <bin index="75" start="0.075" width="0.001" count="2" />
        <bin index="76" start="0.076" width="0.001" count="1" />
        <bin index="77" start="0.077" width="0.001" count="2" />
        <bin index="78" start="0.078" width="0.001" count="3" />
        <bin index="79" start="0.079" width="0.001" count="1" />
        <bin index="80" start="0.08" width="0.001" count="4" />
        <bin index="81" start="0.081" width="0.001" count="5" />
        <bin index="82" start="0.082" width="0.001" count="4" />
        <bin index="83" start="0.083" width="0.001" count="4" />
        <bin index="84" start="0.084" width="0.001" count="1" />
        <bin index="85" start="0.085" width="0.001" count="2" />
        <bin index="86" start="0.086" width="0.001" count="1" />
        <bin index="87" start="0.087" width="0.001" count="4" />
        <bin index="88" start="0.088" width="0.001" count="4" />
        <bin index="89" start="0.089" width="0.001" count="6" />
        <bin index="90" start="0.09" width="0.001" count="4" />
        <bin index="91" start="0.091" width="0.001" count="2" />
        <bin index="92" start="0.092" width="0.001" count="2" />
        <bin index="93" start="0.093" width="0.001" count="1" />
        <bin index="94" start="0.094" width="0.001" count="1" />
        <bin index="95" start="0.095" width="0.001" count="2" />
        <bin index="96" start="0.096" width="0.001" count="6" />
        <bin index="97" start="0.097" width="0.001" count="5" />
        <bin index="99" start="0.099" width="0.001" count="1" />
        <bin index="100" start="0.1" width="0.001" count="2" />
        <bin index="101" start="0.101" width="0.001" count="1" />
        <bin index="102" start="0.102" width="0.001" count="3" />
        <bin index="103" start="0.103" width="0.001" count="3" />
        <bin index="105" start="0.105" width="0.001" count="2" />
        <bin index="106" start="0.106" width="0.001" count="1" />
        <bin index="107" start="0.107" width="0.001" count="4" />
        <bin index="108" start="0.108" width="0.001" count="1" />
        <bin index="109" start="0.109" width="0.001" count="4" />
        <bin index="111" start="0.111" width="0.001" count="2" />
        <bin index="112" start="0.112" width="0.001" count="1" />
        <bin index="113" start="0.113" width="0.001" count="2" />
        <bin index="115" start="0.115" width="0.001" count="2" />
        <bin index="116" start="0.116" width="0.001" count="4" />
        <bin index="117" start="0.117" width="0.001" count="2" />
        <bin index="118" start="0.118" width="0.001" count="5" />
        <bin index="119" start="0.119" width="0.001" count="7" />
        <bin index="120" start="0.12" width="0.001" count="13" />
        <bin index="121" start="0.121" width="0.001" count="14" />
        <bin index="122" start="0.122" width="0.001" count="25" />
        <bin index="123" start="0.123" width="0.001" count="42" />
        <bin index="124" start="0.124" width="0.001" count="54" />
        <bin index="125" start="0.125" width="0.001" count="78" />
        <bin index="126" start="0.126" width="0.001" count="79" />
        <bin index="127" start="0.127" width="0.001" count="104" />
        <bin index="128" start="0.128" width="0.001" count="121" />
        <bin index="129" start="0.129" width="0.001" count="167" />
        <bin index="130" start="0.13" width="0.001" count="241" />
        <bin index="131" start="0.131" width="0.001" count="374" />
        <bin index="132" start="0.132" width="0.001" count="457" />
        <bin index="133" start="0.133" width="0.001" count="599" />
        <bin index="134" start="0.134" width="0.001" count="867" />
        <bin index="135" start="0.135" width="0.001" count="1060" />
        <bin index="136" start="0.136" width="0.001" count="1170" />
        <bin index="137" start="0.137" width="0.001" count="1234" />
        <bin index="138" start="0.138" width="0.001" count="1440" />
        <bin index="139" start="0.139" width="0.001" count="1621" />
        <bin index="140" start="0.14" width="0.001" count="1803" />
        <bin index="141" start="0.141" width="0.001" count="1866" />
        <bin index="142" start="0.142" width="0.001" count="1935" />
        <bin index="143" start="0.143" width="0.001" count="1985" />
        <bin index="144" start="0.144" width="0.001" count="2066" />
        <bin index="145" start="0.145" width="0.001" count="2042" />
        <bin index="146" start="0.146" width="0.001" count="1975" />
        <bin index="147" start="0.147" width="0.001" count="1897" />
        <bin index="148" start="0.148" width="0.001" count="1789" />
        <bin index="149" start="0.149" width="0.001" count="1770" />
        <bin index="150" start="0.15" width="0.001" count="1584" />
        <bin index="151" start="0.151" width="0.001" count="1435" />
        <bin index="152" start="0.152" width="0.001" count="1280" />
        <bin index="153" start="0.153" width="0.001" count="1134" />
        <bin index="154" start="0.154" width="0.001" count="1021" />
        <bin index="155" start="0.155" width="0.001" count="950" />
        <bin index="156" start="0.156" width="0.001" count="766" />
        <bin index="157" start="0.157" width="0.001" count="640" />
        <bin index="158" start="0.158" width="0.001" count="529" />
        <bin index="159" start="0.159" width="0.001" count="378" />
        <bin index="160" start="0.16" width="0.001" count="403" />
        <bin index="161" start="0.161" width="0.001" count="339" />
        <bin index="162" start="0.162" width="0.001" count="308" />
        <bin index="163" start="0.163" width="0.001" count="199" />
        <bin index="164" start="0.164" width="0.001" count="181" />
        <bin index="165" start="0.165" width="0.001" count="120" />
        <bin index="166" start="0.166" width="0.001" count="108" />
        <bin index="167" start="0.167" width="0.001" count="79" />
        <bin index="168" start="0.168" width="0.001" count="55" />
        <bin index="169" start="0.169" width="0.001" count="32" />
        <bin index="170" start="0.17" width="0.001" count="23" />
        <bin index="171" start="0.171" width="0.001" count="16" />
        <bin index="172" start="0.172" width="0.001" count="14" />
        <bin index="173" start="0.173" width="0.001" count="10" />
        <bin index="174" start="0.174" width="0.001" count="7" />
        <bin index="175" start="0.175" width="0.001" count="5" />
        <bin index="176" start="0.176" width="0.001" count="2" />
        <bin index="177" start="0.177" width="0.001" count="2" />
        <bin index="178" start="0.178" width="0.001" count="1" />
      </delayHistogram>
      <jitterHistogram nBins="14" >
        <bin index="0" start="0" width="0.001" count="17136" />
        <bin index="1" start="0.001" width="0.001" count="17148" />
        <bin index="2" start="0.002" width="0.001" count="4144" />
        <bin index="3" start="0.003" width="0.001" count="1616" />
        <bin index="4" start="0.004" width="0.001" count="474" />
        <bin index="5" start="0.005" width="0.001" count="148" />
        <bin index="6" start="0.006" width="0.001" count="78" />
        <bin index="7" start="0.007" width="0.001" count="35" />
        <bin index="8" start="0.008" width="0.001" count="25" />
        <bin index="9" start="0.009" width="0.001" count="17" />
        <bin index="10" start="0.01" width="0.001" count="10" />
        <bin index="13" start="0.013" width="0.001" count="2" />
      </jitterHistogram>
      <packetSizeHistogram nBins="53" >
        <bin index="2" start="40" width="20" count="2" />
        <bin index="52" start="1040" width="20" count="40832" />
      </packetSizeHistogram>
      <flowInterruptionsHistogram nBins="0" >
      </flowInterruptionsHistogram>
    </Flow>
    <Flow flowId="4" timeFirstTxPacket="+4006518966.0ns" timeFirstRxPacket="+4009470460.0ns" timeLastTxPacket="+49998893638.0ns" timeLastRxPacket="+49999915802.0ns" delaySum="+22946518257.0ns" jitterSum="+16591730266.0ns" lastDelay="+1022164.0ns" txBytes="1061688" rxBytes="1061688" txPackets="20417" rxPackets="20417" lostPackets="0" timesForwarded="0">
      <delayHistogram nBins="11" >
        <bin index="0" start="0" width="0.001" count="10032" />
        <bin index="1" start="0.001" width="0.001" count="8180" />
        <bin index="2" start="0.002" width="0.001" count="1713" />
        <bin index="3" start="0.003" width="0.001" count="381" />
        <bin index="4" start="0.004" width="0.001" count="66" />
        <bin index="5" start="0.005" width="0.001" count="25" />
        <bin index="6" start="0.006" width="0.001" count="10" />
        <bin index="7" start="0.007" width="0.001" count="4" />
        <bin index="8" start="0.008" width="0.001" count="4" />
        <bin index="10" start="0.01" width="0.001" count="2" />
      </delayHistogram>
      <jitterHistogram nBins="9" >
        <bin index="0" start="0" width="0.001" count="13522" />
        <bin index="1" start="0.001" width="0.001" count="5870" />
        <bin index="2" start="0.002" width="0.001" count="894" />
        <bin index="3" start="0.003" width="0.001" count="99" />
        <bin index="4" start="0.004" width="0.001" count="19" />
        <bin index="5" start="0.005" width="0.001" count="4" />
        <bin index="6" start="0.006" width="0.001" count="4" />
        <bin index="7" start="0.007" width="0.001" count="3" />
        <bin index="8" start="0.008" width="0.001" count="1" />
      </jitterHistogram>
      <packetSizeHistogram nBins="3" >
        <bin index="2" start="40" width="20" count="20417" />
      </packetSizeHistogram>
      <flowInterruptionsHistogram nBins="0" >
      </flowInterruptionsHistogram>
    </Flow>
  </FlowStats>
  <Ipv4FlowClassifier>
    <Flow flowId="4" sourceAddress="10.0.0.1" destinationAddress="10.0.0.2" protocol="6" sourcePort="9" destinationPort="49153">
      <Dscp value="0x0" packets="20417" />
    </Flow>
    <Flow flowId="2" sourceAddress="10.0.0.1" destinationAddress="10.0.0.3" protocol="6" sourcePort="9" destinationPort="49153">
      <Dscp value="0x0" packets="21347" />
    </Flow>
    <Flow flowId="3" sourceAddress="10.0.0.2" destinationAddress="10.0.0.1" protocol="6" sourcePort="49153" destinationPort="9">
      <Dscp value="0x0" packets="40963" />
    </Flow>
    <Flow flowId="1" sourceAddress="10.0.0.3" destinationAddress="10.0.0.1" protocol="6" sourcePort="49153" destinationPort="9">
      <Dscp value="0x0" packets="42824" />
    </Flow>
  </Ipv4FlowClassifier>
  <Ipv6FlowClassifier>
  </Ipv6FlowClassifier>
  <FlowProbes>
    <FlowProbe index="0">
      <FlowStats  flowId="3" packets="40963" bytes="43091080" delayFromFirstProbeSum="+0.0ns" >
      </FlowStats>
      <FlowStats  flowId="4" packets="20417" bytes="1061688" delayFromFirstProbeSum="+22946518257.0ns" >
      </FlowStats>
    </FlowProbe>
    <FlowProbe index="1">
    </FlowProbe>
    <FlowProbe index="2">
      <FlowStats  flowId="1" packets="42824" bytes="45048852" delayFromFirstProbeSum="+0.0ns" >
      </FlowStats>
      <FlowStats  flowId="2" packets="21347" bytes="1110048" delayFromFirstProbeSum="+23409304328.0ns" >
      </FlowStats>
    </FlowProbe>
    <FlowProbe index="3">
    </FlowProbe>
    <FlowProbe index="4">
      <FlowStats  flowId="1" packets="42694" bytes="44912092" delayFromFirstProbeSum="+6061127038564.0ns" >
      </FlowStats>
      <FlowStats  flowId="2" packets="21347" bytes="1110048" delayFromFirstProbeSum="+0.0ns" >
      </FlowStats>
      <FlowStats  flowId="3" packets="40834" bytes="42955372" delayFromFirstProbeSum="+5923540024558.0ns" >
      </FlowStats>
      <FlowStats  flowId="4" packets="20417" bytes="1061688" delayFromFirstProbeSum="+0.0ns" >
      </FlowStats>
    </FlowProbe>
    <FlowProbe index="5">
    </FlowProbe>
  </FlowProbes>
</FlowMonitor>
