<?xml version="1.0" ?>
<FlowMonitor>
  <FlowStats>
    <Flow flowId="1" timeFirstTxPacket="+2000000000.0ns" timeFirstRxPacket="+2003954497.0ns" timeLastTxPacket="+49996200499.0ns" timeLastRxPacket="+49999300285.0ns" delaySum="+6191812401596.0ns" jitterSum="+54466440800.0ns" lastDelay="+134218147.0ns" txBytes="46687868" rxBytes="46553212" txPackets="44382" rxPackets="44254" lostPackets="0" timesForwarded="0">
      <delayHistogram nBins="182" >
        <bin index="0" start="0" width="0.001" count="6" />
        <bin index="1" start="0.001" width="0.001" count="7" />
        <bin index="2" start="0.002" width="0.001" count="6" />
        <bin index="3" start="0.003" width="0.001" count="11" />
        <bin index="4" start="0.004" width="0.001" count="4" />
        <bin index="5" start="0.005" width="0.001" count="1" />
        <bin index="6" start="0.006" width="0.001" count="2" />
        <bin index="7" start="0.007" width="0.001" count="5" />
        <bin index="8" start="0.008" width="0.001" count="7" />
        <bin index="9" start="0.009" width="0.001" count="3" />
        <bin index="10" start="0.01" width="0.001" count="6" />
        <bin index="11" start="0.011" width="0.001" count="4" />
        <bin index="12" start="0.012" width="0.001" count="5" />
        <bin index="13" start="0.013" width="0.001" count="5" />
        <bin index="14" start="0.014" width="0.001" count="5" />
        <bin index="15" start="0.015" width="0.001" count="6" />
        <bin index="16" start="0.016" width="0.001" count="4" />
        <bin index="17" start="0.017" width="0.001" count="5" />
        <bin index="18" start="0.018" width="0.001" count="7" />
        <bin index="19" start="0.019" width="0.001" count="4" />
        <bin index="20" start="0.02" width="0.001" count="7" />
        <bin index="21" start="0.021" width="0.001" count="5" />
        <bin index="22" start="0.022" width="0.001" count="3" />
        <bin index="23" start="0.023" width="0.001" count="7" />
        <bin index="24" start="0.024" width="0.001" count="9" />
        <bin index="25" start="0.025" width="0.001" count="3" />
        <bin index="26" start="0.026" width="0.001" count="5" />
        <bin index="27" start="0.027" width="0.001" count="3" />
        <bin index="28" start="0.028" width="0.001" count="7" />
        <bin index="29" start="0.029" width="0.001" count="3" />
        <bin index="30" start="0.03" width="0.001" count="5" />
        <bin index="31" start="0.031" width="0.001" count="5" />
        <bin index="32" start="0.032" width="0.001" count="4" />
        <bin index="33" start="0.033" width="0.001" count="7" />
        <bin index="34" start="0.034" width="0.001" count="5" />
        <bin index="35" start="0.035" width="0.001" count="5" />
        <bin index="36" start="0.036" width="0.001" count="5" />
        <bin index="37" start="0.037" width="0.001" count="3" />
        <bin index="38" start="0.038" width="0.001" count="5" />
        <bin index="39" start="0.039" width="0.001" count="7" />
        <bin index="40" start="0.04" width="0.001" count="6" />
        <bin index="41" start="0.041" width="0.001" count="5" />
        <bin index="42" start="0.042" width="0.001" count="3" />
        <bin index="43" start="0.043" width="0.001" count="6" />
        <bin index="44" start="0.044" width="0.001" count="3" />
        <bin index="45" start="0.045" width="0.001" count="2" />
        <bin index="46" start="0.046" width="0.001" count="5" />
        <bin index="47" start="0.047" width="0.001" count="4" />
        <bin index="48" start="0.048" width="0.001" count="6" />
        <bin index="49" start="0.049" width="0.001" count="7" />
        <bin index="50" start="0.05" width="0.001" count="2" />
        <bin index="51" start="0.051" width="0.001" count="8" />
        <bin index="52" start="0.052" width="0.001" count="6" />
        <bin index="53" start="0.053" width="0.001" count="8" />
        <bin index="54" start="0.054" width="0.001" count="9" />
        <bin index="55" start="0.055" width="0.001" count="3" />
        <bin index="56" start="0.056" width="0.001" count="8" />
        <bin index="57" start="0.057" width="0.001" count="8" />
        <bin index="58" start="0.058" width="0.001" count="4" />
        <bin index="59" start="0.059" width="0.001" count="3" />
        <bin index="60" start="0.06" width="0.001" count="2" />
        <bin index="61" start="0.061" width="0.001" count="1" />
        <bin index="62" start="0.062" width="0.001" count="2" />
        <bin index="63" start="0.063" width="0.001" count="2" />
        <bin index="64" start="0.064" width="0.001" count="3" />
        <bin index="65" start="0.065" width="0.001" count="4" />
        <bin index="66" start="0.066" width="0.001" count="9" />
        <bin index="67" start="0.067" width="0.001" count="3" />
        <bin index="68" start="0.068" width="0.001" count="6" />
        <bin index="69" start="0.069" width="0.001" count="6" />
        <bin index="70" start="0.07" width="0.001" count="6" />
        <bin index="71" start="0.071" width="0.001" count="7" />
        <bin index="72" start="0.072" width="0.001" count="6" />
        <bin index="73" start="0.073" width="0.001" count="5" />
        <bin index="74" start="0.074" width="0.001" count="6" />
        <bin index="75" start="0.075" width="0.001" count="17" />
        <bin index="76" start="0.076" width="0.001" count="59" />
        <bin index="77" start="0.077" width="0.001" count="236" />
        <bin index="78" start="0.078" width="0.001" count="656" />
        <bin index="79" start="0.079" width="0.001" count="927" />
        <bin index="80" start="0.08" width="0.001" count="713" />
        <bin index="81" start="0.081" width="0.001" count="264" />
        <bin index="82" start="0.082" width="0.001" count="19" />
        <bin index="84" start="0.084" width="0.001" count="1" />
        <bin index="85" start="0.085" width="0.001" count="4" />
        <bin index="86" start="0.086" width="0.001" count="1" />
        <bin index="87" start="0.087" width="0.001" count="2" />
        <bin index="88" start="0.088" width="0.001" count="2" />
        <bin index="90" start="0.09" width="0.001" count="3" />
        <bin index="92" start="0.092" width="0.001" count="2" />
        <bin index="93" start="0.093" width="0.001" count="1" />
        <bin index="94" start="0.094" width="0.001" count="4" />
        <bin index="96" start="0.096" width="0.001" count="1" />
        <bin index="97" start="0.097" width="0.001" count="3" />
        <bin index="98" start="0.098" width="0.001" count="1" />
        <bin index="100" start="0.1" width="0.001" count="1" />
        <bin index="101" start="0.101" width="0.001" count="5" />
        <bin index="102" start="0.102" width="0.001" count="3" />
        <bin index="103" start="0.103" width="0.001" count="2" />
        <bin index="104" start="0.104" width="0.001" count="2" />
        <bin index="105" start="0.105" width="0.001" count="2" />
        <bin index="107" start="0.107" width="0.001" count="1" />
        <bin index="109" start="0.109" width="0.001" count="1" />
        <bin index="110" start="0.11" width="0.001" count="4" />
        <bin index="111" start="0.111" width="0.001" count="2" />
        <bin index="112" start="0.112" width="0.001" count="2" />
        <bin index="113" start="0.113" width="0.001" count="2" />
        <bin index="114" start="0.114" width="0.001" count="1" />
        <bin index="115" start="0.115" width="0.001" count="4" />
        <bin index="116" start="0.116" width="0.001" count="4" />
        <bin index="117" start="0.117" width="0.001" count="2" />
        <bin index="118" start="0.118" width="0.001" count="7" />
        <bin index="119" start="0.119" width="0.001" count="16" />
        <bin index="120" start="0.12" width="0.001" count="22" />
        <bin index="121" start="0.121" width="0.001" count="42" />
        <bin index="122" start="0.122" width="0.001" count="51" />
        <bin index="123" start="0.123" width="0.001" count="55" />
        <bin index="124" start="0.124" width="0.001" count="50" />
        <bin index="125" start="0.125" width="0.001" count="60" />
        <bin index="126" start="0.126" width="0.001" count="73" />
        <bin index="127" start="0.127" width="0.001" count="93" />
        <bin index="128" start="0.128" width="0.001" count="181" />
        <bin index="129" start="0.129" width="0.001" count="270" />
        <bin index="130" start="0.13" width="0.001" count="410" />
        <bin index="131" start="0.131" width="0.001" count="496" />
        <bin index="132" start="0.132" width="0.001" count="600" />
        <bin index="133" start="0.133" width="0.001" count="696" />
        <bin index="134" start="0.134" width="0.001" count="812" />
        <bin index="135" start="0.135" width="0.001" count="982" />
        <bin index="136" start="0.136" width="0.001" count="1103" />
        <bin index="137" start="0.137" width="0.001" count="1279" />
        <bin index="138" start="0.138" width="0.001" count="1491" />
        <bin index="139" start="0.139" width="0.001" count="1621" />
        <bin index="140" start="0.14" width="0.001" count="1844" />
        <bin index="141" start="0.141" width="0.001" count="1870" />
        <bin index="142" start="0.142" width="0.001" count="2023" />
        <bin index="143" start="0.143" width="0.001" count="2097" />
        <bin index="144" start="0.144" width="0.001" count="2186" />
        <bin index="145" start="0.145" width="0.001" count="2135" />
        <bin index="146" start="0.146" width="0.001" count="2076" />
        <bin index="147" start="0.147" width="0.001" count="2019" />
        <bin index="148" start="0.148" width="0.001" count="1987" />
        <bin index="149" start="0.149" width="0.001" count="1910" />
        <bin index="150" start="0.15" width="0.001" count="1579" />
        <bin index="151" start="0.151" width="0.001" count="1402" />
        <bin index="152" start="0.152" width="0.001" count="1217" />
        <bin index="153" start="0.153" width="0.001" count="1006" />
        <bin index="154" start="0.154" width="0.001" count="869" />
        <bin index="155" start="0.155" width="0.001" count="746" />
        <bin index="156" start="0.156" width="0.001" count="631" />
        <bin index="157" start="0.157" width="0.001" count="546" />
        <bin index="158" start="0.158" width="0.001" count="443" />
        <bin index="159" start="0.159" width="0.001" count="327" />
        <bin index="160" start="0.16" width="0.001" count="262" />
        <bin index="161" start="0.161" width="0.001" count="212" />
        <bin index="162" start="0.162" width="0.001" count="197" />
        <bin index="163" start="0.163" width="0.001" count="179" />
        <bin index="164" start="0.164" width="0.001" count="158" />
        <bin index="165" start="0.165" width="0.001" count="132" />
        <bin index="166" start="0.166" width="0.001" count="116" />
        <bin index="167" start="0.167" width="0.001" count="81" />
        <bin index="168" start="0.168" width="0.001" count="72" />
        <bin index="169" start="0.169" width="0.001" count="44" />
        <bin index="170" start="0.17" width="0.001" count="32" />
        <bin index="171" start="0.171" width="0.001" count="22" />
        <bin index="172" start="0.172" width="0.001" count="8" />
        <bin index="173" start="0.173" width="0.001" count="18" />
        <bin index="174" start="0.174" width="0.001" count="14" />
        <bin index="175" start="0.175" width="0.001" count="15" />
        <bin index="176" start="0.176" width="0.001" count="6" />
        <bin index="177" start="0.177" width="0.001" count="2" />
        <bin index="178" start="0.178" width="0.001" count="8" />
        <bin index="179" start="0.179" width="0.001" count="11" />
        <bin index="180" start="0.18" width="0.001" count="5" />
        <bin index="181" start="0.181" width="0.001" count="3" />
      </delayHistogram>
      <jitterHistogram nBins="25" >
        <bin index="0" start="0" width="0.001" count="20282" />
        <bin index="1" start="0.001" width="0.001" count="17521" />
        <bin index="2" start="0.002" width="0.001" count="4191" />
        <bin index="3" start="0.003" width="0.001" count="1495" />
        <bin index="4" start="0.004" width="0.001" count="441" />
        <bin index="5" start="0.005" width="0.001" count="161" />
        <bin index="6" start="0.006" width="0.001" count="79" />
        <bin index="7" start="0.007" width="0.001" count="31" />
        <bin index="8" start="0.008" width="0.001" count="20" />
        <bin index="9" start="0.009" width="0.001" count="8" />
        <bin index="10" start="0.01" width="0.001" count="6" />
        <bin index="11" start="0.011" width="0.001" count="8" />
        <bin index="12" start="0.012" width="0.001" count="3" />
        <bin index="13" start="0.013" width="0.001" count="2" />
        <bin index="14" start="0.014" width="0.001" count="1" />
        <bin index="15" start="0.015" width="0.001" count="1" />
        <bin index="16" start="0.016" width="0.001" count="1" />
        <bin index="20" start="0.02" width="0.001" count="1" />
        <bin index="24" start="0.024" width="0.001" count="1" />
      </jitterHistogram>
      <packetSizeHistogram nBins="53" >
        <bin index="2" start="40" width="20" count="2" />
        <bin index="52" start="1040" width="20" count="44252" />
      </packetSizeHistogram>
      <flowInterruptionsHistogram nBins="0" >
      </flowInterruptionsHistogram>
    </Flow>
    <Flow flowId="2" timeFirstTxPacket="+2003954497.0ns" timeFirstRxPacket="+2010740328.0ns" timeLastTxPacket="+49998888953.0ns" timeLastRxPacket="+49996098126.0ns" delaySum="+23863443965.0ns" jitterSum="+17027135218.0ns" lastDelay="+1028497.0ns" txBytes="1150608" rxBytes="1150556" txPackets="22127" rxPackets="22126" lostPackets="0" timesForwarded="0">
      <delayHistogram nBins="11" >
        <bin index="0" start="0" width="0.001" count="11431" />
        <bin index="1" start="0.001" width="0.001" count="8535" />
        <bin index="2" start="0.002" width="0.001" count="1687" />
        <bin index="3" start="0.003" width="0.001" count="380" />
        <bin index="4" start="0.004" width="0.001" count="55" />
        <bin index="5" start="0.005" width="0.001" count="18" />
        <bin index="6" start="0.006" width="0.001" count="10" />
        <bin index="7" start="0.007" width="0.001" count="4" />
        <bin index="8" start="0.008" width="0.001" count="4" />
        <bin index="9" start="0.009" width="0.001" count="1" />
        <bin index="10" start="0.01" width="0.001" count="1" />
      </delayHistogram>
      <jitterHistogram nBins="10" >
        <bin index="0" start="0" width="0.001" count="15419" />
        <bin index="1" start="0.001" width="0.001" count="5730" />
        <bin index="2" start="0.002" width="0.001" count="850" />
        <bin index="3" start="0.003" width="0.001" count="92" />
        <bin index="4" start="0.004" width="0.001" count="21" />
        <bin index="5" start="0.005" width="0.001" count="3" />
        <bin index="6" start="0.006" width="0.001" count="3" />
        <bin index="7" start="0.007" width="0.001" count="4" />
        <bin index="8" start="0.008" width="0.001" count="1" />
        <bin index="9" start="0.009" width="0.001" count="2" />
      </jitterHistogram>
      <packetSizeHistogram nBins="3" >
        <bin index="2" start="40" width="20" count="22126" />
      </packetSizeHistogram>
      <flowInterruptionsHistogram nBins="0" >
      </flowInterruptionsHistogram>
    </Flow>
    <Flow flowId="3" timeFirstTxPacket="+4000000000.0ns" timeFirstRxPacket="+4009200959.0ns" timeLastTxPacket="+49997665460.0ns" timeLastRxPacket="+49999711618.0ns" delaySum="+5921348353146.0ns" jitterSum="+52211773651.0ns" lastDelay="+157084220.0ns" txBytes="43085820" rxBytes="42950112" txPackets="40958" rxPackets="40829" lostPackets="0" timesForwarded="0">
      <delayHistogram nBins="178" >
        <bin index="1" start="0.001" width="0.001" count="4" />
        <bin index="2" start="0.002" width="0.001" count="4" />
        <bin index="3" start="0.003" width="0.001" count="6" />
        <bin index="4" start="0.004" width="0.001" count="5" />
        <bin index="5" start="0.005" width="0.001" count="4" />
        <bin index="6" start="0.006" width="0.001" count="2" />
        <bin index="7" start="0.007" width="0.001" count="1" />
        <bin index="8" start="0.008" width="0.001" count="6" />
        <bin index="9" start="0.009" width="0.001" count="4" />
        <bin index="10" start="0.01" width="0.001" count="2" />
        <bin index="11" start="0.011" width="0.001" count="2" />
        <bin index="13" start="0.013" width="0.001" count="1" />
        <bin index="14" start="0.014" width="0.001" count="3" />
        <bin index="15" start="0.015" width="0.001" count="1" />
        <bin index="16" start="0.016" width="0.001" count="2" />
        <bin index="17" start="0.017" width="0.001" count="3" />
        <bin index="18" start="0.018" width="0.001" count="2" />
        <bin index="19" start="0.019" width="0.001" count="3" />
        <bin index="20" start="0.02" width="0.001" count="2" />
        <bin index="21" start="0.021" width="0.001" count="6" />
        <bin index="22" start="0.022" width="0.001" count="5" />
        <bin index="23" start="0.023" width="0.001" count="2" />
        <bin index="24" start="0.024" width="0.001" count="4" />
        <bin index="26" start="0.026" width="0.001" count="2" />
        <bin index="27" start="0.027" width="0.001" count="6" />
        <bin index="28" start="0.028" width="0.001" count="4" />
        <bin index="29" start="0.029" width="0.001" count="5" />
        <bin index="30" start="0.03" width="0.001" count="3" />
        <bin index="31" start="0.031" width="0.001" count="2" />
        <bin index="32" start="0.032" width="0.001" count="4" />
        <bin index="33" start="0.033" width="0.001" count="1" />
        <bin index="34" start="0.034" width="0.001" count="2" />
        <bin index="36" start="0.036" width="0.001" count="2" />
        <bin index="37" start="0.037" width="0.001" count="2" />
        <bin index="38" start="0.038" width="0.001" count="1" />
        <bin index="39" start="0.039" width="0.001" count="1" />
        <bin index="44" start="0.044" width="0.001" count="1" />
        <bin index="51" start="0.051" width="0.001" count="1" />
        <bin index="52" start="0.052" width="0.001" count="2" />
        <bin index="53" start="0.053" width="0.001" count="5" />
        <bin index="54" start="0.054" width="0.001" count="3" />
        <bin index="55" start="0.055" width="0.001" count="3" />
        <bin index="56" start="0.056" width="0.001" count="1" />
        <bin index="57" start="0.057" width="0.001" count="1" />
        <bin index="59" start="0.059" width="0.001" count="1" />
        <bin index="60" start="0.06" width="0.001" count="5" />
        <bin index="61" start="0.061" width="0.001" count="3" />
        <bin index="62" start="0.062" width="0.001" count="6" />
        <bin index="63" start="0.063" width="0.001" count="6" />
        <bin index="64" start="0.064" width="0.001" count="2" />
        <bin index="65" start="0.065" width="0.001" count="4" />
        <bin index="66" start="0.066" width="0.001" count="1" />
        <bin index="67" start="0.067" width="0.001" count="4" />
        <bin index="68" start="0.068" width="0.001" count="3" />
        <bin index="69" start="0.069" width="0.001" count="4" />
        <bin index="70" start="0.07" width="0.001" count="3" />
        <bin index="71" start="0.071" width="0.001" count="4" />
        <bin index="72" start="0.072" width="0.001" count="3" />
        <bin index="73" start="0.073" width="0.001" count="4" />
        <bin index="74" start="0.074" width="0.001" count="13" />
        <bin index="75" start="0.075" width="0.001" count="7" />
        <bin index="76" start="0.076" width="0.001" count="4" />
        <bin index="77" start="0.077" width="0.001" count="4" />
        <bin index="78" start="0.078" width="0.001" count="2" />
        <bin index="79" start="0.079" width="0.001" count="5" />
        <bin index="80" start="0.08" width="0.001" count="3" />
        <bin index="82" start="0.082" width="0.001" count="4" />
        <bin index="83" start="0.083" width="0.001" count="6" />
        <bin index="84" start="0.084" width="0.001" count="6" />
        <bin index="85" start="0.085" width="0.001" count="2" />
        <bin index="86" start="0.086" width="0.001" count="1" />
        <bin index="87" start="0.087" width="0.001" count="2" />
        <bin index="88" start="0.088" width="0.001" count="4" />
        <bin index="89" start="0.089" width="0.001" count="3" />
        <bin index="90" start="0.09" width="0.001" count="1" />
        <bin index="91" start="0.091" width="0.001" count="4" />
        <bin index="92" start="0.092" width="0.001" count="5" />
        <bin index="93" start="0.093" width="0.001" count="7" />
        <bin index="94" start="0.094" width="0.001" count="4" />
        <bin index="95" start="0.095" width="0.001" count="4" />
        <bin index="96" start="0.096" width="0.001" count="3" />
        <bin index="97" start="0.097" width="0.001" count="6" />
        <bin index="98" start="0.098" width="0.001" count="7" />
        <bin index="99" start="0.099" width="0.001" count="9" />
        <bin index="100" start="0.1" width="0.001" count="6" />
        <bin index="101" start="0.101" width="0.001" count="1" />
        <bin index="102" start="0.102" width="0.001" count="1" />
        <bin index="103" start="0.103" width="0.001" count="1" />
        <bin index="104" start="0.104" width="0.001" count="3" />
        <bin index="105" start="0.105" width="0.001" count="4" />
        <bin index="106" start="0.106" width="0.001" count="8" />
        <bin index="107" start="0.107" width="0.001" count="9" />
        <bin index="108" start="0.108" width="0.001" count="6" />
        <bin index="109" start="0.109" width="0.001" count="2" />
        <bin index="110" start="0.11" width="0.001" count="4" />
        <bin index="111" start="0.111" width="0.001" count="3" />
        <bin index="113" start="0.113" width="0.001" count="2" />
        <bin index="114" start="0.114" width="0.001" count="1" />
        <bin index="115" start="0.115" width="0.001" count="6" />
        <bin index="116" start="0.116" width="0.001" count="7" />
        <bin index="117" start="0.117" width="0.001" count="12" />
        <bin index="118" start="0.118" width="0.001" count="19" />
        <bin index="119" start="0.119" width="0.001" count="20" />
        <bin index="120" start="0.12" width="0.001" count="22" />
        <bin index="121" start="0.121" width="0.001" count="18" />
        <bin index="122" start="0.122" width="0.001" count="16" />
        <bin index="123" start="0.123" width="0.001" count="33" />
        <bin index="124" start="0.124" width="0.001" count="44" />
        <bin index="125" start="0.125" width="0.001" count="54" />
        <bin index="126" start="0.126" width="0.001" count="69" />
        <bin index="127" start="0.127" width="0.001" count="124" />
        <bin index="128" start="0.128" width="0.001" count="163" />
        <bin index="129" start="0.129" width="0.001" count="230" />
        <bin index="130" start="0.13" width="0.001" count="306" />
        <bin index="131" start="0.131" width="0.001" count="353" />
        <bin index="132" start="0.132" width="0.001" count="448" />
        <bin index="133" start="0.133" width="0.001" count="538" />
        <bin index="134" start="0.134" width="0.001" count="689" />
        <bin index="135" start="0.135" width="0.001" count="833" />
        <bin index="136" start="0.136" width="0.001" count="945" />
        <bin index="137" start="0.137" width="0.001" count="1124" />
        <bin index="138" start="0.138" width="0.001" count="1429" />
        <bin index="139" start="0.139" width="0.001" count="1667" />
        <bin index="140" start="0.14" width="0.001" count="1774" />
        <bin index="141" start="0.141" width="0.001" count="2019" />
        <bin index="142" start="0.142" width="0.001" count="2078" />
        <bin index="143" start="0.143" width="0.001" count="2142" />
        <bin index="144" start="0.144" width="0.001" count="2052" />
        <bin index="145" start="0.145" width="0.001" count="2074" />
        <bin index="146" start="0.146" width="0.001" count="2090" />
        <bin index="147" start="0.147" width="0.001" count="2062" />
        <bin index="148" start="0.148" width="0.001" count="1979" />
        <bin index="149" start="0.149" width="0.001" count="1788" />
        <bin index="150" start="0.15" width="0.001" count="1618" />
        <bin index="151" start="0.151" width="0.001" count="1465" />
        <bin index="152" start="0.152" width="0.001" count="1236" />
        <bin index="153" start="0.153" width="0.001" count="1137" />
        <bin index="154" start="0.154" width="0.001" count="985" />
        <bin index="155" start="0.155" width="0.001" count="862" />
        <bin index="156" start="0.156" width="0.001" count="767" />
        <bin index="157" start="0.157" width="0.001" count="663" />
        <bin index="158" start="0.158" width="0.001" count="530" />
        <bin index="159" start="0.159" width="0.001" count="435" />
        <bin index="160" start="0.16" width="0.001" count="385" />
        <bin index="161" start="0.161" width="0.001" count="286" />
        <bin index="162" start="0.162" width="0.001" count="208" />
        <bin index="163" start="0.163" width="0.001" count="145" />
        <bin index="164" start="0.164" width="0.001" count="91" />
        <bin index="165" start="0.165" width="0.001" count="67" />
        <bin index="166" start="0.166" width="0.001" count="52" />
        <bin index="167" start="0.167" width="0.001" count="57" />
        <bin index="168" start="0.168" width="0.001" count="42" />
        <bin index="169" start="0.169" width="0.001" count="45" />
        <bin index="170" start="0.17" width="0.001" count="28" />
        <bin index="171" start="0.171" width="0.001" count="42" />
        <bin index="172" start="0.172" width="0.001" count="44" />
        <bin index="173" start="0.173" width="0.001" count="35" />
        <bin index="174" start="0.174" width="0.001" count="21" />
        <bin index="175" start="0.175" width="0.001" count="6" />
        <bin index="176" start="0.176" width="0.001" count="3" />
        <bin index="177" start="0.177" width="0.001" count="1" />
      </delayHistogram>
      <jitterHistogram nBins="21" >
        <bin index="0" start="0" width="0.001" count="17262" />
        <bin index="1" start="0.001" width="0.001" count="17058" />
        <bin index="2" start="0.002" width="0.001" count="4184" />
        <bin index="3" start="0.003" width="0.001" count="1545" />
        <bin index="4" start="0.004" width="0.001" count="484" />
        <bin index="5" start="0.005" width="0.001" count="158" />
        <bin index="6" start="0.006" width="0.001" count="65" />
        <bin index="7" start="0.007" width="0.001" count="34" />
        <bin index="8" start="0.008" width="0.001" count="14" />
        <bin index="9" start="0.009" width="0.001" count="9" />
        <bin index="10" start="0.01" width="0.001" count="5" />
        <bin index="11" start="0.011" width="0.001" count="4" />
        <bin index="12" start="0.012" width="0.001" count="1" />
        <bin index="13" start="0.013" width="0.001" count="2" />
        <bin index="15" start="0.015" width="0.001" count="1" />
        <bin index="18" start="0.018" width="0.001" count="1" />
        <bin index="20" start="0.02" width="0.001" count="1" />
      </jitterHistogram>
      <packetSizeHistogram nBins="53" >
        <bin index="2" start="40" width="20" count="2" />
        <bin index="52" start="1040" width="20" count="40827" />
      </packetSizeHistogram>
      <flowInterruptionsHistogram nBins="0" >
      </flowInterruptionsHistogram>
    </Flow>
    <Flow flowId="4" timeFirstTxPacket="+4009200959.0ns" timeFirstRxPacket="+4011636454.0ns" timeLastTxPacket="+49999711618.0ns" timeLastRxPacket="+49997556789.0ns" delaySum="+22788382202.0ns" jitterSum="+16270850846.0ns" lastDelay="+340499.0ns" txBytes="1061584" rxBytes="1061532" txPackets="20415" rxPackets="20414" lostPackets="0" timesForwarded="0">
      <delayHistogram nBins="9" >
        <bin index="0" start="0" width="0.001" count="9902" />
        <bin index="1" start="0.001" width="0.001" count="8418" />
        <bin index="2" start="0.002" width="0.001" count="1645" />
        <bin index="3" start="0.003" width="0.001" count="362" />
        <bin index="4" start="0.004" width="0.001" count="60" />
        <bin index="5" start="0.005" width="0.001" count="13" />
        <bin index="6" start="0.006" width="0.001" count="9" />
        <bin index="7" start="0.007" width="0.001" count="4" />
        <bin index="8" start="0.008" width="0.001" count="1" />
      </delayHistogram>
      <jitterHistogram nBins="8" >
        <bin index="0" start="0" width="0.001" count="13830" />
        <bin index="1" start="0.001" width="0.001" count="5622" />
        <bin index="2" start="0.002" width="0.001" count="847" />
        <bin index="3" start="0.003" width="0.001" count="85" />
        <bin index="4" start="0.004" width="0.001" count="19" />
        <bin index="5" start="0.005" width="0.001" count="4" />
        <bin index="6" start="0.006" width="0.001" count="5" />
        <bin index="7" start="0.007" width="0.001" count="1" />
      </jitterHistogram>
      <packetSizeHistogram nBins="3" >
        <bin index="2" start="40" width="20" count="20414" />
      </packetSizeHistogram>
      <flowInterruptionsHistogram nBins="0" >
      </flowInterruptionsHistogram>
    </Flow>
  </FlowStats>
  <Ipv4FlowClassifier>
    <Flow flowId="2" sourceAddress="10.0.0.1" destinationAddress="10.0.0.2" protocol="6" sourcePort="9" destinationPort="49153">
      <Dscp value="0x0" packets="22127" />
    </Flow>
    <Flow flowId="4" sourceAddress="10.0.0.1" destinationAddress="10.0.0.3" protocol="6" sourcePort="9" destinationPort="49153">
      <Dscp value="0x0" packets="20415" />
    </Flow>
    <Flow flowId="1" sourceAddress="10.0.0.2" destinationAddress="10.0.0.1" protocol="6" sourcePort="49153" destinationPort="9">
      <Dscp value="0x0" packets="44382" />
    </Flow>
    <Flow flowId="3" sourceAddress="10.0.0.3" destinationAddress="10.0.0.1" protocol="6" sourcePort="49153" destinationPort="9">
      <Dscp value="0x0" packets="40958" />
    </Flow>
  </Ipv4FlowClassifier>
  <Ipv6FlowClassifier>
  </Ipv6FlowClassifier>
  <FlowProbes>
    <FlowProbe index="0">
      <FlowStats  flowId="1" packets="44382" bytes="46687868" delayFromFirstProbeSum="+0.0ns" >
      </FlowStats>
      <FlowStats  flowId="2" packets="22126" bytes="1150556" delayFromFirstProbeSum="+23863443965.0ns" >
      </FlowStats>
    </FlowProbe>
    <FlowProbe index="1">
    </FlowProbe>
    <FlowProbe index="2">
      <FlowStats  flowId="3" packets="40958" bytes="43085820" delayFromFirstProbeSum="+0.0ns" >
      </FlowStats>
      <FlowStats  flowId="4" packets="20414" bytes="1061532" delayFromFirstProbeSum="+22788382202.0ns" >
      </FlowStats>
    </FlowProbe>
    <FlowProbe index="3">
    </FlowProbe>
    <FlowProbe index="4">
      <FlowStats  flowId="1" packets="44254" bytes="46553212" delayFromFirstProbeSum="+6191812401596.0ns" >
      </FlowStats>
      <FlowStats  flowId="2" packets="22127" bytes="1150608" delayFromFirstProbeSum="+0.0ns" >
      </FlowStats>
      <FlowStats  flowId="3" packets="40829" bytes="42950112" delayFromFirstProbeSum="+5921348353146.0ns" >
      </FlowStats>
      <FlowStats  flowId="4" packets="20415" bytes="1061584" delayFromFirstProbeSum="+0.0ns" >
      </FlowStats>
    </FlowProbe>
    <FlowProbe index="5">
    </FlowProbe>
  </FlowProbes>
</FlowMonitor>
