<?xml version="1.0" ?>
<FlowMonitor>
  <FlowStats>
    <Flow flowId="1" timeFirstTxPacket="+2000000000.0ns" timeFirstRxPacket="+2003529499.0ns" timeLastTxPacket="+49998440471.0ns" timeLastRxPacket="+49999045358.0ns" delaySum="+6186432520270.0ns" jitterSum="+56198273887.0ns" lastDelay="+130763260.0ns" txBytes="51224092" rxBytes="51088384" txPackets="48694" rxPackets="48565" lostPackets="0" timesForwarded="0">
      <delayHistogram nBins="165" >
        <bin index="0" start="0" width="0.001" count="8" />
        <bin index="1" start="0.001" width="0.001" count="6" />
        <bin index="2" start="0.002" width="0.001" count="8" />
        <bin index="3" start="0.003" width="0.001" count="10" />
        <bin index="4" start="0.004" width="0.001" count="3" />
        <bin index="5" start="0.005" width="0.001" count="2" />
        <bin index="6" start="0.006" width="0.001" count="5" />
        <bin index="7" start="0.007" width="0.001" count="7" />
        <bin index="8" start="0.008" width="0.001" count="4" />
        <bin index="9" start="0.009" width="0.001" count="7" />
        <bin index="10" start="0.01" width="0.001" count="3" />
        <bin index="11" start="0.011" width="0.001" count="6" />
        <bin index="12" start="0.012" width="0.001" count="3" />
        <bin index="13" start="0.013" width="0.001" count="9" />
        <bin index="14" start="0.014" width="0.001" count="8" />
        <bin index="15" start="0.015" width="0.001" count="5" />
        <bin index="16" start="0.016" width="0.001" count="7" />
        <bin index="17" start="0.017" width="0.001" count="4" />
        <bin index="18" start="0.018" width="0.001" count="7" />
        <bin index="19" start="0.019" width="0.001" count="3" />
        <bin index="20" start="0.02" width="0.001" count="3" />
        <bin index="21" start="0.021" width="0.001" count="6" />
        <bin index="22" start="0.022" width="0.001" count="6" />
        <bin index="23" start="0.023" width="0.001" count="4" />
        <bin index="24" start="0.024" width="0.001" count="6" />
        <bin index="25" start="0.025" width="0.001" count="5" />
        <bin index="26" start="0.026" width="0.001" count="7" />
        <bin index="27" start="0.027" width="0.001" count="4" />
        <bin index="28" start="0.028" width="0.001" count="4" />
        <bin index="29" start="0.029" width="0.001" count="6" />
        <bin index="30" start="0.03" width="0.001" count="8" />
        <bin index="31" start="0.031" width="0.001" count="7" />
        <bin index="32" start="0.032" width="0.001" count="6" />
        <bin index="33" start="0.033" width="0.001" count="5" />
        <bin index="34" start="0.034" width="0.001" count="6" />
        <bin index="35" start="0.035" width="0.001" count="9" />
        <bin index="36" start="0.036" width="0.001" count="6" />
        <bin index="37" start="0.037" width="0.001" count="4" />
        <bin index="38" start="0.038" width="0.001" count="7" />
        <bin index="39" start="0.039" width="0.001" count="4" />
        <bin index="40" start="0.04" width="0.001" count="7" />
        <bin index="41" start="0.041" width="0.001" count="5" />
        <bin index="42" start="0.042" width="0.001" count="8" />
        <bin index="43" start="0.043" width="0.001" count="4" />
        <bin index="44" start="0.044" width="0.001" count="6" />
        <bin index="45" start="0.045" width="0.001" count="5" />
        <bin index="46" start="0.046" width="0.001" count="6" />
        <bin index="47" start="0.047" width="0.001" count="3" />
        <bin index="48" start="0.048" width="0.001" count="5" />
        <bin index="49" start="0.049" width="0.001" count="6" />
        <bin index="50" start="0.05" width="0.001" count="5" />
        <bin index="51" start="0.051" width="0.001" count="5" />
        <bin index="52" start="0.052" width="0.001" count="6" />
        <bin index="53" start="0.053" width="0.001" count="4" />
        <bin index="54" start="0.054" width="0.001" count="5" />
        <bin index="55" start="0.055" width="0.001" count="5" />
        <bin index="56" start="0.056" width="0.001" count="3" />
        <bin index="57" start="0.057" width="0.001" count="4" />
        <bin index="58" start="0.058" width="0.001" count="5" />
        <bin index="59" start="0.059" width="0.001" count="5" />
        <bin index="60" start="0.06" width="0.001" count="9" />
        <bin index="61" start="0.061" width="0.001" count="4" />
        <bin index="62" start="0.062" width="0.001" count="5" />
        <bin index="63" start="0.063" width="0.001" count="3" />
        <bin index="64" start="0.064" width="0.001" count="6" />
        <bin index="65" start="0.065" width="0.001" count="5" />
        <bin index="66" start="0.066" width="0.001" count="7" />
        <bin index="67" start="0.067" width="0.001" count="6" />
        <bin index="68" start="0.068" width="0.001" count="21" />
        <bin index="69" start="0.069" width="0.001" count="249" />
        <bin index="70" start="0.07" width="0.001" count="587" />
        <bin index="71" start="0.071" width="0.001" count="533" />
        <bin index="72" start="0.072" width="0.001" count="70" />
        <bin index="73" start="0.073" width="0.001" count="3" />
        <bin index="74" start="0.074" width="0.001" count="1" />
        <bin index="76" start="0.076" width="0.001" count="2" />
        <bin index="77" start="0.077" width="0.001" count="6" />
        <bin index="78" start="0.078" width="0.001" count="3" />
        <bin index="79" start="0.079" width="0.001" count="4" />
        <bin index="80" start="0.08" width="0.001" count="4" />
        <bin index="81" start="0.081" width="0.001" count="3" />
        <bin index="84" start="0.084" width="0.001" count="2" />
        <bin index="85" start="0.085" width="0.001" count="2" />
        <bin index="86" start="0.086" width="0.001" count="2" />
        <bin index="87" start="0.087" width="0.001" count="1" />
        <bin index="88" start="0.088" width="0.001" count="3" />
        <bin index="89" start="0.089" width="0.001" count="3" />
        <bin index="90" start="0.09" width="0.001" count="4" />
        <bin index="92" start="0.092" width="0.001" count="3" />
        <bin index="93" start="0.093" width="0.001" count="5" />
        <bin index="94" start="0.094" width="0.001" count="2" />
        <bin index="95" start="0.095" width="0.001" count="14" />
        <bin index="96" start="0.096" width="0.001" count="22" />
        <bin index="97" start="0.097" width="0.001" count="18" />
        <bin index="98" start="0.098" width="0.001" count="18" />
        <bin index="99" start="0.099" width="0.001" count="20" />
        <bin index="100" start="0.1" width="0.001" count="12" />
        <bin index="101" start="0.101" width="0.001" count="10" />
        <bin index="102" start="0.102" width="0.001" count="3" />
        <bin index="103" start="0.103" width="0.001" count="16" />
        <bin index="104" start="0.104" width="0.001" count="13" />
        <bin index="105" start="0.105" width="0.001" count="21" />
        <bin index="106" start="0.106" width="0.001" count="43" />
        <bin index="107" start="0.107" width="0.001" count="60" />
        <bin index="108" start="0.108" width="0.001" count="68" />
        <bin index="109" start="0.109" width="0.001" count="86" />
        <bin index="110" start="0.11" width="0.001" count="98" />
        <bin index="111" start="0.111" width="0.001" count="111" />
        <bin index="112" start="0.112" width="0.001" count="199" />
        <bin index="113" start="0.113" width="0.001" count="246" />
        <bin index="114" start="0.114" width="0.001" count="326" />
        <bin index="115" start="0.115" width="0.001" count="395" />
        <bin index="116" start="0.116" width="0.001" count="479" />
        <bin index="117" start="0.117" width="0.001" count="606" />
        <bin index="118" start="0.118" width="0.001" count="759" />
        <bin index="119" start="0.119" width="0.001" count="962" />
        <bin index="120" start="0.12" width="0.001" count="1192" />
        <bin index="121" start="0.121" width="0.001" count="1328" />
        <bin index="122" start="0.122" width="0.001" count="1520" />
        <bin index="123" start="0.123" width="0.001" count="1709" />
        <bin index="124" start="0.124" width="0.001" count="1894" />
        <bin index="125" start="0.125" width="0.001" count="2055" />
        <bin index="126" start="0.126" width="0.001" count="2191" />
        <bin index="127" start="0.127" width="0.001" count="2414" />
        <bin index="128" start="0.128" width="0.001" count="2511" />
        <bin index="129" start="0.129" width="0.001" count="2521" />
        <bin index="130" start="0.13" width="0.001" count="2505" />
        <bin index="131" start="0.131" width="0.001" count="2291" />
        <bin index="132" start="0.132" width="0.001" count="2120" />
        <bin index="133" start="0.133" width="0.001" count="1952" />
        <bin index="134" start="0.134" width="0.001" count="1797" />
        <bin index="135" start="0.135" width="0.001" count="1778" />
        <bin index="136" start="0.136" width="0.001" count="1608" />
        <bin index="137" start="0.137" width="0.001" count="1485" />
        <bin index="138" start="0.138" width="0.001" count="1377" />
        <bin index="139" start="0.139" width="0.001" count="1109" />
        <bin index="140" start="0.14" width="0.001" count="911" />
        <bin index="141" start="0.141" width="0.001" count="707" />
        <bin index="142" start="0.142" width="0.001" count="517" />
        <bin index="143" start="0.143" width="0.001" count="439" />
        <bin index="144" start="0.144" width="0.001" count="386" />
        <bin index="145" start="0.145" width="0.001" count="368" />
        <bin index="146" start="0.146" width="0.001" count="278" />
        <bin index="147" start="0.147" width="0.001" count="213" />
        <bin index="148" start="0.148" width="0.001" count="196" />
        <bin index="149" start="0.149" width="0.001" count="158" />
        <bin index="150" start="0.15" width="0.001" count="135" />
        <bin index="151" start="0.151" width="0.001" count="87" />
        <bin index="152" start="0.152" width="0.001" count="86" />
        <bin index="153" start="0.153" width="0.001" count="74" />
        <bin index="154" start="0.154" width="0.001" count="45" />
        <bin index="155" start="0.155" width="0.001" count="34" />
        <bin index="156" start="0.156" width="0.001" count="30" />
        <bin index="157" start="0.157" width="0.001" count="23" />
        <bin index="158" start="0.158" width="0.001" count="10" />
        <bin index="159" start="0.159" width="0.001" count="8" />
        <bin index="160" start="0.16" width="0.001" count="1" />
        <bin index="163" start="0.163" width="0.001" count="7" />
        <bin index="164" start="0.164" width="0.001" count="2" />
      </delayHistogram>
      <jitterHistogram nBins="29" >
        <bin index="0" start="0" width="0.001" count="28819" />
        <bin index="1" start="0.001" width="0.001" count="13504" />
        <bin index="2" start="0.002" width="0.001" count="3772" />
        <bin index="3" start="0.003" width="0.001" count="1451" />
        <bin index="4" start="0.004" width="0.001" count="499" />
        <bin index="5" start="0.005" width="0.001" count="251" />
        <bin index="6" start="0.006" width="0.001" count="107" />
        <bin index="7" start="0.007" width="0.001" count="57" />
        <bin index="8" start="0.008" width="0.001" count="35" />
        <bin index="9" start="0.009" width="0.001" count="19" />
        <bin index="10" start="0.01" width="0.001" count="15" />
        <bin index="11" start="0.011" width="0.001" count="14" />
        <bin index="12" start="0.012" width="0.001" count="4" />
        <bin index="13" start="0.013" width="0.001" count="4" />
        <bin index="14" start="0.014" width="0.001" count="3" />
        <bin index="15" start="0.015" width="0.001" count="4" />
        <bin index="16" start="0.016" width="0.001" count="2" />
        <bin index="17" start="0.017" width="0.001" count="2" />
        <bin index="19" start="0.019" width="0.001" count="1" />
        <bin index="28" start="0.028" width="0.001" count="1" />
      </jitterHistogram>
      <packetSizeHistogram nBins="53" >
        <bin index="2" start="40" width="20" count="2" />
        <bin index="52" start="1040" width="20" count="48563" />
      </packetSizeHistogram>
      <flowInterruptionsHistogram nBins="0" >
      </flowInterruptionsHistogram>
    </Flow>
    <Flow flowId="2" timeFirstTxPacket="+2003529499.0ns" timeFirstRxPacket="+2010031998.0ns" timeLastTxPacket="+49999045358.0ns" timeLastRxPacket="+49998190858.0ns" delaySum="+26548314081.0ns" jitterSum="+21810444559.0ns" lastDelay="+631164.0ns" txBytes="1262720" rxBytes="1262668" txPackets="24283" rxPackets="24282" lostPackets="0" timesForwarded="0">
      <delayHistogram nBins="30" >
        <bin index="0" start="0" width="0.001" count="13839" />
        <bin index="1" start="0.001" width="0.001" count="7371" />
        <bin index="2" start="0.002" width="0.001" count="1897" />
        <bin index="3" start="0.003" width="0.001" count="592" />
        <bin index="4" start="0.004" width="0.001" count="240" />
        <bin index="5" start="0.005" width="0.001" count="127" />
        <bin index="6" start="0.006" width="0.001" count="71" />
        <bin index="7" start="0.007" width="0.001" count="51" />
        <bin index="8" start="0.008" width="0.001" count="24" />
        <bin index="9" start="0.009" width="0.001" count="20" />
        <bin index="10" start="0.01" width="0.001" count="8" />
        <bin index="11" start="0.011" width="0.001" count="13" />
        <bin index="12" start="0.012" width="0.001" count="6" />
        <bin index="13" start="0.013" width="0.001" count="5" />
        <bin index="14" start="0.014" width="0.001" count="2" />
        <bin index="15" start="0.015" width="0.001" count="3" />
        <bin index="16" start="0.016" width="0.001" count="1" />
        <bin index="17" start="0.017" width="0.001" count="3" />
        <bin index="18" start="0.018" width="0.001" count="3" />
        <bin index="19" start="0.019" width="0.001" count="1" />
        <bin index="20" start="0.02" width="0.001" count="1" />
        <bin index="22" start="0.022" width="0.001" count="1" />
        <bin index="24" start="0.024" width="0.001" count="1" />
        <bin index="27" start="0.027" width="0.001" count="1" />
        <bin index="29" start="0.029" width="0.001" count="1" />
      </delayHistogram>
      <jitterHistogram nBins="29" >
        <bin index="0" start="0" width="0.001" count="15780" />
        <bin index="1" start="0.001" width="0.001" count="6670" />
        <bin index="2" start="0.002" width="0.001" count="1297" />
        <bin index="3" start="0.003" width="0.001" count="290" />
        <bin index="4" start="0.004" width="0.001" count="119" />
        <bin index="5" start="0.005" width="0.001" count="51" />
        <bin index="6" start="0.006" width="0.001" count="31" />
        <bin index="7" start="0.007" width="0.001" count="10" />
        <bin index="8" start="0.008" width="0.001" count="10" />
        <bin index="9" start="0.009" width="0.001" count="7" />
        <bin index="10" start="0.01" width="0.001" count="3" />
        <bin index="11" start="0.011" width="0.001" count="3" />
        <bin index="12" start="0.012" width="0.001" count="4" />
        <bin index="13" start="0.013" width="0.001" count="1" />
        <bin index="14" start="0.014" width="0.001" count="1" />
        <bin index="15" start="0.015" width="0.001" count="1" />
        <bin index="17" start="0.017" width="0.001" count="1" />
        <bin index="19" start="0.019" width="0.001" count="1" />
        <bin index="28" start="0.028" width="0.001" count="1" />
      </jitterHistogram>
      <packetSizeHistogram nBins="3" >
        <bin index="2" start="40" width="20" count="24282" />
      </packetSizeHistogram>
      <flowInterruptionsHistogram nBins="0" >
      </flowInterruptionsHistogram>
    </Flow>
    <Flow flowId="3" timeFirstTxPacket="+3000000000.0ns" timeFirstRxPacket="+3007520413.0ns" timeLastTxPacket="+49994853005.0ns" timeLastRxPacket="+49999700689.0ns" delaySum="+6048440079763.0ns" jitterSum="+55360304835.0ns" lastDelay="+132526088.0ns" txBytes="49309452" rxBytes="49176900" txPackets="46874" rxPackets="46748" lostPackets="0" timesForwarded="0">
      <delayHistogram nBins="183" >
        <bin index="0" start="0" width="0.001" count="2" />
        <bin index="1" start="0.001" width="0.001" count="6" />
        <bin index="2" start="0.002" width="0.001" count="3" />
        <bin index="3" start="0.003" width="0.001" count="1" />
        <bin index="4" start="0.004" width="0.001" count="1" />
        <bin index="5" start="0.005" width="0.001" count="3" />
        <bin index="6" start="0.006" width="0.001" count="3" />
        <bin index="7" start="0.007" width="0.001" count="6" />
        <bin index="8" start="0.008" width="0.001" count="8" />
        <bin index="9" start="0.009" width="0.001" count="4" />
        <bin index="10" start="0.01" width="0.001" count="2" />
        <bin index="11" start="0.011" width="0.001" count="2" />
        <bin index="12" start="0.012" width="0.001" count="2" />
        <bin index="13" start="0.013" width="0.001" count="4" />
        <bin index="14" start="0.014" width="0.001" count="5" />
        <bin index="15" start="0.015" width="0.001" count="3" />
        <bin index="16" start="0.016" width="0.001" count="9" />
        <bin index="17" start="0.017" width="0.001" count="6" />
        <bin index="18" start="0.018" width="0.001" count="2" />
        <bin index="19" start="0.019" width="0.001" count="2" />
        <bin index="20" start="0.02" width="0.001" count="1" />
        <bin index="22" start="0.022" width="0.001" count="1" />
        <bin index="23" start="0.023" width="0.001" count="6" />
        <bin index="24" start="0.024" width="0.001" count="4" />
        <bin index="25" start="0.025" width="0.001" count="4" />
        <bin index="26" start="0.026" width="0.001" count="2" />
        <bin index="27" start="0.027" width="0.001" count="2" />
        <bin index="28" start="0.028" width="0.001" count="3" />
        <bin index="29" start="0.029" width="0.001" count="1" />
        <bin index="30" start="0.03" width="0.001" count="1" />
        <bin index="31" start="0.031" width="0.001" count="1" />
        <bin index="32" start="0.032" width="0.001" count="2" />
        <bin index="33" start="0.033" width="0.001" count="3" />
        <bin index="34" start="0.034" width="0.001" count="4" />
        <bin index="35" start="0.035" width="0.001" count="5" />
        <bin index="36" start="0.036" width="0.001" count="2" />
        <bin index="37" start="0.037" width="0.001" count="2" />
        <bin index="38" start="0.038" width="0.001" count="2" />
        <bin index="39" start="0.039" width="0.001" count="1" />
        <bin index="40" start="0.04" width="0.001" count="1" />
        <bin index="45" start="0.045" width="0.001" count="1" />
        <bin index="46" start="0.046" width="0.001" count="3" />
        <bin index="47" start="0.047" width="0.001" count="2" />
        <bin index="48" start="0.048" width="0.001" count="5" />
        <bin index="49" start="0.049" width="0.001" count="4" />
        <bin index="50" start="0.05" width="0.001" count="8" />
        <bin index="51" start="0.051" width="0.001" count="5" />
        <bin index="52" start="0.052" width="0.001" count="5" />
        <bin index="53" start="0.053" width="0.001" count="7" />
        <bin index="54" start="0.054" width="0.001" count="3" />
        <bin index="55" start="0.055" width="0.001" count="4" />
        <bin index="56" start="0.056" width="0.001" count="4" />
        <bin index="57" start="0.057" width="0.001" count="7" />
        <bin index="58" start="0.058" width="0.001" count="4" />
        <bin index="59" start="0.059" width="0.001" count="4" />
        <bin index="60" start="0.06" width="0.001" count="8" />
        <bin index="61" start="0.061" width="0.001" count="9" />
        <bin index="63" start="0.063" width="0.001" count="3" />
        <bin index="64" start="0.064" width="0.001" count="4" />
        <bin index="65" start="0.065" width="0.001" count="4" />
        <bin index="66" start="0.066" width="0.001" count="1" />
        <bin index="67" start="0.067" width="0.001" count="2" />
        <bin index="69" start="0.069" width="0.001" count="3" />
        <bin index="70" start="0.07" width="0.001" count="1" />
        <bin index="71" start="0.071" width="0.001" count="1" />
        <bin index="72" start="0.072" width="0.001" count="2" />
        <bin index="73" start="0.073" width="0.001" count="4" />
        <bin index="74" start="0.074" width="0.001" count="3" />
        <bin index="75" start="0.075" width="0.001" count="5" />
        <bin index="76" start="0.076" width="0.001" count="6" />
        <bin index="77" start="0.077" width="0.001" count="4" />
        <bin index="78" start="0.078" width="0.001" count="5" />
        <bin index="79" start="0.079" width="0.001" count="4" />
        <bin index="80" start="0.08" width="0.001" count="3" />
        <bin index="81" start="0.081" width="0.001" count="5" />
        <bin index="82" start="0.082" width="0.001" count="2" />
        <bin index="83" start="0.083" width="0.001" count="6" />
        <bin index="84" start="0.084" width="0.001" count="5" />
        <bin index="85" start="0.085" width="0.001" count="1" />
        <bin index="86" start="0.086" width="0.001" count="2" />
        <bin index="87" start="0.087" width="0.001" count="2" />
        <bin index="88" start="0.088" width="0.001" count="5" />
        <bin index="89" start="0.089" width="0.001" count="2" />
        <bin index="90" start="0.09" width="0.001" count="6" />
        <bin index="91" start="0.091" width="0.001" count="4" />
        <bin index="92" start="0.092" width="0.001" count="2" />
        <bin index="93" start="0.093" width="0.001" count="1" />
        <bin index="94" start="0.094" width="0.001" count="4" />
        <bin index="95" start="0.095" width="0.001" count="4" />
        <bin index="96" start="0.096" width="0.001" count="4" />
        <bin index="97" start="0.097" width="0.001" count="3" />
        <bin index="98" start="0.098" width="0.001" count="3" />
        <bin index="99" start="0.099" width="0.001" count="4" />
        <bin index="100" start="0.1" width="0.001" count="6" />
        <bin index="101" start="0.101" width="0.001" count="4" />
        <bin index="102" start="0.102" width="0.001" count="5" />
        <bin index="103" start="0.103" width="0.001" count="10" />
        <bin index="104" start="0.104" width="0.001" count="10" />
        <bin index="105" start="0.105" width="0.001" count="11" />
        <bin index="106" start="0.106" width="0.001" count="25" />
        <bin index="107" start="0.107" width="0.001" count="45" />
        <bin index="108" start="0.108" width="0.001" count="67" />
        <bin index="109" start="0.109" width="0.001" count="65" />
        <bin index="110" start="0.11" width="0.001" count="91" />
        <bin index="111" start="0.111" width="0.001" count="152" />
        <bin index="112" start="0.112" width="0.001" count="222" />
        <bin index="113" start="0.113" width="0.001" count="264" />
        <bin index="114" start="0.114" width="0.001" count="314" />
        <bin index="115" start="0.115" width="0.001" count="403" />
        <bin index="116" start="0.116" width="0.001" count="520" />
        <bin index="117" start="0.117" width="0.001" count="649" />
        <bin index="118" start="0.118" width="0.001" count="753" />
        <bin index="119" start="0.119" width="0.001" count="897" />
        <bin index="120" start="0.12" width="0.001" count="1161" />
        <bin index="121" start="0.121" width="0.001" count="1370" />
        <bin index="122" start="0.122" width="0.001" count="1699" />
        <bin index="123" start="0.123" width="0.001" count="1823" />
        <bin index="124" start="0.124" width="0.001" count="2116" />
        <bin index="125" start="0.125" width="0.001" count="2186" />
        <bin index="126" start="0.126" width="0.001" count="2323" />
        <bin index="127" start="0.127" width="0.001" count="2411" />
        <bin index="128" start="0.128" width="0.001" count="2340" />
        <bin index="129" start="0.129" width="0.001" count="2391" />
        <bin index="130" start="0.13" width="0.001" count="2349" />
        <bin index="131" start="0.131" width="0.001" count="2137" />
        <bin index="132" start="0.132" width="0.001" count="2126" />
        <bin index="133" start="0.133" width="0.001" count="2075" />
        <bin index="134" start="0.134" width="0.001" count="1864" />
        <bin index="135" start="0.135" width="0.001" count="1759" />
        <bin index="136" start="0.136" width="0.001" count="1589" />
        <bin index="137" start="0.137" width="0.001" count="1358" />
        <bin index="138" start="0.138" width="0.001" count="1110" />
        <bin index="139" start="0.139" width="0.001" count="964" />
        <bin index="140" start="0.14" width="0.001" count="747" />
        <bin index="141" start="0.141" width="0.001" count="667" />
        <bin index="142" start="0.142" width="0.001" count="624" />
        <bin index="143" start="0.143" width="0.001" count="516" />
        <bin index="144" start="0.144" width="0.001" count="460" />
        <bin index="145" start="0.145" width="0.001" count="340" />
        <bin index="146" start="0.146" width="0.001" count="298" />
        <bin index="147" start="0.147" width="0.001" count="252" />
        <bin index="148" start="0.148" width="0.001" count="169" />
        <bin index="149" start="0.149" width="0.001" count="134" />
        <bin index="150" start="0.15" width="0.001" count="114" />
        <bin index="151" start="0.151" width="0.001" count="100" />
        <bin index="152" start="0.152" width="0.001" count="78" />
        <bin index="153" start="0.153" width="0.001" count="49" />
        <bin index="154" start="0.154" width="0.001" count="24" />
        <bin index="155" start="0.155" width="0.001" count="18" />
        <bin index="156" start="0.156" width="0.001" count="10" />
        <bin index="157" start="0.157" width="0.001" count="12" />
        <bin index="158" start="0.158" width="0.001" count="13" />
        <bin index="159" start="0.159" width="0.001" count="1" />
        <bin index="160" start="0.16" width="0.001" count="3" />
        <bin index="162" start="0.162" width="0.001" count="2" />
        <bin index="163" start="0.163" width="0.001" count="4" />
        <bin index="164" start="0.164" width="0.001" count="3" />
        <bin index="165" start="0.165" width="0.001" count="5" />
        <bin index="166" start="0.166" width="0.001" count="3" />
        <bin index="168" start="0.168" width="0.001" count="2" />
        <bin index="169" start="0.169" width="0.001" count="4" />
        <bin index="170" start="0.17" width="0.001" count="7" />
        <bin index="171" start="0.171" width="0.001" count="9" />
        <bin index="172" start="0.172" width="0.001" count="11" />
        <bin index="173" start="0.173" width="0.001" count="7" />
        <bin index="174" start="0.174" width="0.001" count="6" />
        <bin index="175" start="0.175" width="0.001" count="8" />
        <bin index="176" start="0.176" width="0.001" count="10" />
        <bin index="177" start="0.177" width="0.001" count="11" />
        <bin index="178" start="0.178" width="0.001" count="16" />
        <bin index="179" start="0.179" width="0.001" count="9" />
        <bin index="180" start="0.18" width="0.001" count="4" />
        <bin index="181" start="0.181" width="0.001" count="7" />
        <bin index="182" start="0.182" width="0.001" count="2" />
      </delayHistogram>
      <jitterHistogram nBins="31" >
        <bin index="0" start="0" width="0.001" count="26999" />
        <bin index="1" start="0.001" width="0.001" count="13515" />
        <bin index="2" start="0.002" width="0.001" count="3765" />
        <bin index="3" start="0.003" width="0.001" count="1469" />
        <bin index="4" start="0.004" width="0.001" count="500" />
        <bin index="5" start="0.005" width="0.001" count="206" />
        <bin index="6" start="0.006" width="0.001" count="128" />
        <bin index="7" start="0.007" width="0.001" count="52" />
        <bin index="8" start="0.008" width="0.001" count="39" />
        <bin index="9" start="0.009" width="0.001" count="24" />
        <bin index="10" start="0.01" width="0.001" count="14" />
        <bin index="11" start="0.011" width="0.001" count="12" />
        <bin index="12" start="0.012" width="0.001" count="6" />
        <bin index="13" start="0.013" width="0.001" count="3" />
        <bin index="14" start="0.014" width="0.001" count="2" />
        <bin index="15" start="0.015" width="0.001" count="3" />
        <bin index="16" start="0.016" width="0.001" count="2" />
        <bin index="17" start="0.017" width="0.001" count="1" />
        <bin index="18" start="0.018" width="0.001" count="1" />
        <bin index="19" start="0.019" width="0.001" count="1" />
        <bin index="20" start="0.02" width="0.001" count="2" />
        <bin index="29" start="0.029" width="0.001" count="1" />
        <bin index="30" start="0.03" width="0.001" count="2" />
      </jitterHistogram>
      <packetSizeHistogram nBins="53" >
        <bin index="2" start="40" width="20" count="2" />
        <bin index="52" start="1040" width="20" count="46746" />
      </packetSizeHistogram>
      <flowInterruptionsHistogram nBins="0" >
      </flowInterruptionsHistogram>
    </Flow>
    <Flow flowId="4" timeFirstTxPacket="+3007520413.0ns" timeFirstRxPacket="+3010187241.0ns" timeLastTxPacket="+49998616025.0ns" timeLastRxPacket="+49994768865.0ns" delaySum="+26348166505.0ns" jitterSum="+21456236793.0ns" lastDelay="+198833.0ns" txBytes="1215452" rxBytes="1215348" txPackets="23374" rxPackets="23372" lostPackets="0" timesForwarded="0">
      <delayHistogram nBins="30" >
        <bin index="0" start="0" width="0.001" count="13049" />
        <bin index="1" start="0.001" width="0.001" count="7123" />
        <bin index="2" start="0.002" width="0.001" count="2027" />
        <bin index="3" start="0.003" width="0.001" count="575" />
        <bin index="4" start="0.004" width="0.001" count="236" />
        <bin index="5" start="0.005" width="0.001" count="123" />
        <bin index="6" start="0.006" width="0.001" count="96" />
        <bin index="7" start="0.007" width="0.001" count="40" />
        <bin index="8" start="0.008" width="0.001" count="26" />
        <bin index="9" start="0.009" width="0.001" count="24" />
        <bin index="10" start="0.01" width="0.001" count="15" />
        <bin index="11" start="0.011" width="0.001" count="7" />
        <bin index="12" start="0.012" width="0.001" count="6" />
        <bin index="13" start="0.013" width="0.001" count="6" />
        <bin index="14" start="0.014" width="0.001" count="4" />
        <bin index="15" start="0.015" width="0.001" count="3" />
        <bin index="16" start="0.016" width="0.001" count="2" />
        <bin index="17" start="0.017" width="0.001" count="2" />
        <bin index="18" start="0.018" width="0.001" count="1" />
        <bin index="19" start="0.019" width="0.001" count="1" />
        <bin index="20" start="0.02" width="0.001" count="1" />
        <bin index="22" start="0.022" width="0.001" count="1" />
        <bin index="24" start="0.024" width="0.001" count="1" />
        <bin index="26" start="0.026" width="0.001" count="1" />
        <bin index="27" start="0.027" width="0.001" count="1" />
        <bin index="29" start="0.029" width="0.001" count="1" />
      </delayHistogram>
      <jitterHistogram nBins="29" >
        <bin index="0" start="0" width="0.001" count="14872" />
        <bin index="1" start="0.001" width="0.001" count="6688" />
        <bin index="2" start="0.002" width="0.001" count="1298" />
        <bin index="3" start="0.003" width="0.001" count="281" />
        <bin index="4" start="0.004" width="0.001" count="94" />
        <bin index="5" start="0.005" width="0.001" count="57" />
        <bin index="6" start="0.006" width="0.001" count="28" />
        <bin index="7" start="0.007" width="0.001" count="24" />
        <bin index="8" start="0.008" width="0.001" count="6" />
        <bin index="9" start="0.009" width="0.001" count="4" />
        <bin index="10" start="0.01" width="0.001" count="6" />
        <bin index="11" start="0.011" width="0.001" count="1" />
        <bin index="12" start="0.012" width="0.001" count="5" />
        <bin index="13" start="0.013" width="0.001" count="2" />
        <bin index="14" start="0.014" width="0.001" count="3" />
        <bin index="16" start="0.016" width="0.001" count="1" />
        <bin index="28" start="0.028" width="0.001" count="1" />
      </jitterHistogram>
      <packetSizeHistogram nBins="3" >
        <bin index="2" start="40" width="20" count="23372" />
      </packetSizeHistogram>
      <flowInterruptionsHistogram nBins="0" >
      </flowInterruptionsHistogram>
    </Flow>
  </FlowStats>
  <Ipv4FlowClassifier>
    <Flow flowId="2" sourceAddress="10.0.0.1" destinationAddress="10.0.0.2" protocol="6" sourcePort="9" destinationPort="49153">
      <Dscp value="0x0" packets="24283" />
    </Flow>
    <Flow flowId="4" sourceAddress="10.0.0.1" destinationAddress="10.0.0.3" protocol="6" sourcePort="9" destinationPort="49153">
      <Dscp value="0x0" packets="23374" />
    </Flow>
    <Flow flowId="1" sourceAddress="10.0.0.2" destinationAddress="10.0.0.1" protocol="6" sourcePort="49153" destinationPort="9">
      <Dscp value="0x0" packets="48694" />
    </Flow>
    <Flow flowId="3" sourceAddress="10.0.0.3" destinationAddress="10.0.0.1" protocol="6" sourcePort="49153" destinationPort="9">
      <Dscp value="0x0" packets="46874" />
    </Flow>
  </Ipv4FlowClassifier>
  <Ipv6FlowClassifier>
  </Ipv6FlowClassifier>
  <FlowProbes>
    <FlowProbe index="0">
      <FlowStats  flowId="1" packets="48694" bytes="51224092" delayFromFirstProbeSum="+0.0ns" >
      </FlowStats>
      <FlowStats  flowId="2" packets="24282" bytes="1262668" delayFromFirstProbeSum="+26548314081.0ns" >
      </FlowStats>
    </FlowProbe>
    <FlowProbe index="1">
    </FlowProbe>
    <FlowProbe index="2">
      <FlowStats  flowId="3" packets="46874" bytes="49309452" delayFromFirstProbeSum="+0.0ns" >
      </FlowStats>
      <FlowStats  flowId="4" packets="23372" bytes="1215348" delayFromFirstProbeSum="+26348166505.0ns" >
      </FlowStats>
    </FlowProbe>
    <FlowProbe index="3">
    </FlowProbe>
    <FlowProbe index="4">
      <FlowStats  flowId="1" packets="48565" bytes="51088384" delayFromFirstProbeSum="+6186432520270.0ns" >
      </FlowStats>
      <FlowStats  flowId="2" packets="24283" bytes="1262720" delayFromFirstProbeSum="+0.0ns" >
      </FlowStats>
      <FlowStats  flowId="3" packets="46748" bytes="49176900" delayFromFirstProbeSum="+6048440079763.0ns" >
      </FlowStats>
      <FlowStats  flowId="4" packets="23374" bytes="1215452" delayFromFirstProbeSum="+0.0ns" >
      </FlowStats>
    </FlowProbe>
    <FlowProbe index="5">
    </FlowProbe>
  </FlowProbes>
</FlowMonitor>
