<?xml version="1.0" ?>
<FlowMonitor>
  <FlowStats>
    <Flow flowId="1" timeFirstTxPacket="+3000000000.0ns" timeFirstRxPacket="+3006538499.0ns" timeLastTxPacket="+49998052965.0ns" timeLastRxPacket="+49999820871.0ns" delaySum="+6057484113949.0ns" jitterSum="+55066615889.0ns" lastDelay="+119206438.0ns" txBytes="50243628" rxBytes="50107920" txPackets="47762" rxPackets="47633" lostPackets="0" timesForwarded="0">
      <delayHistogram nBins="169" >
        <bin index="0" start="0" width="0.001" count="6" />
        <bin index="1" start="0.001" width="0.001" count="5" />
        <bin index="2" start="0.002" width="0.001" count="5" />
        <bin index="3" start="0.003" width="0.001" count="8" />
        <bin index="4" start="0.004" width="0.001" count="6" />
        <bin index="5" start="0.005" width="0.001" count="4" />
        <bin index="6" start="0.006" width="0.001" count="8" />
        <bin index="7" start="0.007" width="0.001" count="4" />
        <bin index="8" start="0.008" width="0.001" count="5" />
        <bin index="9" start="0.009" width="0.001" count="5" />
        <bin index="10" start="0.01" width="0.001" count="2" />
        <bin index="11" start="0.011" width="0.001" count="5" />
        <bin index="12" start="0.012" width="0.001" count="10" />
        <bin index="13" start="0.013" width="0.001" count="7" />
        <bin index="14" start="0.014" width="0.001" count="6" />
        <bin index="15" start="0.015" width="0.001" count="8" />
        <bin index="16" start="0.016" width="0.001" count="5" />
        <bin index="17" start="0.017" width="0.001" count="5" />
        <bin index="18" start="0.018" width="0.001" count="4" />
        <bin index="19" start="0.019" width="0.001" count="3" />
        <bin index="20" start="0.02" width="0.001" count="6" />
        <bin index="21" start="0.021" width="0.001" count="6" />
        <bin index="22" start="0.022" width="0.001" count="5" />
        <bin index="23" start="0.023" width="0.001" count="4" />
        <bin index="24" start="0.024" width="0.001" count="4" />
        <bin index="25" start="0.025" width="0.001" count="5" />
        <bin index="26" start="0.026" width="0.001" count="7" />
        <bin index="27" start="0.027" width="0.001" count="6" />
        <bin index="28" start="0.028" width="0.001" count="7" />
        <bin index="29" start="0.029" width="0.001" count="4" />
        <bin index="30" start="0.03" width="0.001" count="7" />
        <bin index="31" start="0.031" width="0.001" count="4" />
        <bin index="32" start="0.032" width="0.001" count="6" />
        <bin index="33" start="0.033" width="0.001" count="6" />
        <bin index="34" start="0.034" width="0.001" count="6" />
        <bin index="35" start="0.035" width="0.001" count="5" />
        <bin index="36" start="0.036" width="0.001" count="7" />
        <bin index="37" start="0.037" width="0.001" count="4" />
        <bin index="38" start="0.038" width="0.001" count="8" />
        <bin index="39" start="0.039" width="0.001" count="5" />
        <bin index="40" start="0.04" width="0.001" count="5" />
        <bin index="41" start="0.041" width="0.001" count="7" />
        <bin index="42" start="0.042" width="0.001" count="8" />
        <bin index="43" start="0.043" width="0.001" count="3" />
        <bin index="44" start="0.044" width="0.001" count="7" />
        <bin index="45" start="0.045" width="0.001" count="7" />
        <bin index="46" start="0.046" width="0.001" count="5" />
        <bin index="47" start="0.047" width="0.001" count="4" />
        <bin index="48" start="0.048" width="0.001" count="7" />
        <bin index="49" start="0.049" width="0.001" count="6" />
        <bin index="50" start="0.05" width="0.001" count="6" />
        <bin index="51" start="0.051" width="0.001" count="4" />
        <bin index="52" start="0.052" width="0.001" count="6" />
        <bin index="53" start="0.053" width="0.001" count="8" />
        <bin index="54" start="0.054" width="0.001" count="7" />
        <bin index="55" start="0.055" width="0.001" count="4" />
        <bin index="56" start="0.056" width="0.001" count="3" />
        <bin index="57" start="0.057" width="0.001" count="5" />
        <bin index="58" start="0.058" width="0.001" count="7" />
        <bin index="59" start="0.059" width="0.001" count="6" />
        <bin index="60" start="0.06" width="0.001" count="5" />
        <bin index="61" start="0.061" width="0.001" count="5" />
        <bin index="62" start="0.062" width="0.001" count="5" />
        <bin index="63" start="0.063" width="0.001" count="5" />
        <bin index="64" start="0.064" width="0.001" count="9" />
        <bin index="65" start="0.065" width="0.001" count="9" />
        <bin index="66" start="0.066" width="0.001" count="10" />
        <bin index="67" start="0.067" width="0.001" count="9" />
        <bin index="68" start="0.068" width="0.001" count="89" />
        <bin index="69" start="0.069" width="0.001" count="344" />
        <bin index="70" start="0.07" width="0.001" count="717" />
        <bin index="71" start="0.071" width="0.001" count="269" />
        <bin index="72" start="0.072" width="0.001" count="16" />
        <bin index="73" start="0.073" width="0.001" count="3" />
        <bin index="75" start="0.075" width="0.001" count="2" />
        <bin index="76" start="0.076" width="0.001" count="3" />
        <bin index="77" start="0.077" width="0.001" count="5" />
        <bin index="78" start="0.078" width="0.001" count="6" />
        <bin index="79" start="0.079" width="0.001" count="1" />
        <bin index="81" start="0.081" width="0.001" count="1" />
        <bin index="82" start="0.082" width="0.001" count="1" />
        <bin index="83" start="0.083" width="0.001" count="2" />
        <bin index="84" start="0.084" width="0.001" count="2" />
        <bin index="85" start="0.085" width="0.001" count="1" />
        <bin index="86" start="0.086" width="0.001" count="2" />
        <bin index="87" start="0.087" width="0.001" count="2" />
        <bin index="88" start="0.088" width="0.001" count="2" />
        <bin index="89" start="0.089" width="0.001" count="2" />
        <bin index="90" start="0.09" width="0.001" count="2" />
        <bin index="91" start="0.091" width="0.001" count="2" />
        <bin index="92" start="0.092" width="0.001" count="5" />
        <bin index="93" start="0.093" width="0.001" count="7" />
        <bin index="94" start="0.094" width="0.001" count="1" />
        <bin index="95" start="0.095" width="0.001" count="1" />
        <bin index="96" start="0.096" width="0.001" count="2" />
        <bin index="97" start="0.097" width="0.001" count="3" />
        <bin index="98" start="0.098" width="0.001" count="3" />
        <bin index="99" start="0.099" width="0.001" count="1" />
        <bin index="100" start="0.1" width="0.001" count="3" />
        <bin index="101" start="0.101" width="0.001" count="3" />
        <bin index="102" start="0.102" width="0.001" count="2" />
        <bin index="103" start="0.103" width="0.001" count="5" />
        <bin index="104" start="0.104" width="0.001" count="3" />
        <bin index="105" start="0.105" width="0.001" count="3" />
        <bin index="106" start="0.106" width="0.001" count="3" />
        <bin index="107" start="0.107" width="0.001" count="13" />
        <bin index="108" start="0.108" width="0.001" count="19" />
        <bin index="109" start="0.109" width="0.001" count="18" />
        <bin index="110" start="0.11" width="0.001" count="36" />
        <bin index="111" start="0.111" width="0.001" count="82" />
        <bin index="112" start="0.112" width="0.001" count="141" />
        <bin index="113" start="0.113" width="0.001" count="235" />
        <bin index="114" start="0.114" width="0.001" count="297" />
        <bin index="115" start="0.115" width="0.001" count="377" />
        <bin index="116" start="0.116" width="0.001" count="461" />
        <bin index="117" start="0.117" width="0.001" count="562" />
        <bin index="118" start="0.118" width="0.001" count="752" />
        <bin index="119" start="0.119" width="0.001" count="1020" />
        <bin index="120" start="0.12" width="0.001" count="1277" />
        <bin index="121" start="0.121" width="0.001" count="1545" />
        <bin index="122" start="0.122" width="0.001" count="1732" />
        <bin index="123" start="0.123" width="0.001" count="1978" />
        <bin index="124" start="0.124" width="0.001" count="2077" />
        <bin index="125" start="0.125" width="0.001" count="2198" />
        <bin index="126" start="0.126" width="0.001" count="2395" />
        <bin index="127" start="0.127" width="0.001" count="2399" />
        <bin index="128" start="0.128" width="0.001" count="2306" />
        <bin index="129" start="0.129" width="0.001" count="2210" />
        <bin index="130" start="0.13" width="0.001" count="2169" />
        <bin index="131" start="0.131" width="0.001" count="2246" />
        <bin index="132" start="0.132" width="0.001" count="2074" />
        <bin index="133" start="0.133" width="0.001" count="2049" />
        <bin index="134" start="0.134" width="0.001" count="1996" />
        <bin index="135" start="0.135" width="0.001" count="1735" />
        <bin index="136" start="0.136" width="0.001" count="1511" />
        <bin index="137" start="0.137" width="0.001" count="1297" />
        <bin index="138" start="0.138" width="0.001" count="1160" />
        <bin index="139" start="0.139" width="0.001" count="1036" />
        <bin index="140" start="0.14" width="0.001" count="885" />
        <bin index="141" start="0.141" width="0.001" count="762" />
        <bin index="142" start="0.142" width="0.001" count="649" />
        <bin index="143" start="0.143" width="0.001" count="474" />
        <bin index="144" start="0.144" width="0.001" count="401" />
        <bin index="145" start="0.145" width="0.001" count="280" />
        <bin index="146" start="0.146" width="0.001" count="206" />
        <bin index="147" start="0.147" width="0.001" count="156" />
        <bin index="148" start="0.148" width="0.001" count="103" />
        <bin index="149" start="0.149" width="0.001" count="84" />
        <bin index="150" start="0.15" width="0.001" count="58" />
        <bin index="151" start="0.151" width="0.001" count="36" />
        <bin index="152" start="0.152" width="0.001" count="29" />
        <bin index="153" start="0.153" width="0.001" count="35" />
        <bin index="154" start="0.154" width="0.001" count="20" />
        <bin index="155" start="0.155" width="0.001" count="21" />
        <bin index="156" start="0.156" width="0.001" count="11" />
        <bin index="157" start="0.157" width="0.001" count="5" />
        <bin index="158" start="0.158" width="0.001" count="3" />
        <bin index="159" start="0.159" width="0.001" count="4" />
        <bin index="160" start="0.16" width="0.001" count="5" />
        <bin index="161" start="0.161" width="0.001" count="2" />
        <bin index="162" start="0.162" width="0.001" count="15" />
        <bin index="163" start="0.163" width="0.001" count="11" />
        <bin index="164" start="0.164" width="0.001" count="22" />
        <bin index="165" start="0.165" width="0.001" count="19" />
        <bin index="166" start="0.166" width="0.001" count="13" />
        <bin index="167" start="0.167" width="0.001" count="5" />
        <bin index="168" start="0.168" width="0.001" count="2" />
      </delayHistogram>
      <jitterHistogram nBins="18" >
        <bin index="0" start="0" width="0.001" count="28301" />
        <bin index="1" start="0.001" width="0.001" count="13104" />
        <bin index="2" start="0.002" width="0.001" count="3746" />
        <bin index="3" start="0.003" width="0.001" count="1464" />
        <bin index="4" start="0.004" width="0.001" count="510" />
        <bin index="5" start="0.005" width="0.001" count="227" />
        <bin index="6" start="0.006" width="0.001" count="127" />
        <bin index="7" start="0.007" width="0.001" count="65" />
        <bin index="8" start="0.008" width="0.001" count="33" />
        <bin index="9" start="0.009" width="0.001" count="20" />
        <bin index="10" start="0.01" width="0.001" count="14" />
        <bin index="11" start="0.011" width="0.001" count="5" />
        <bin index="12" start="0.012" width="0.001" count="4" />
        <bin index="13" start="0.013" width="0.001" count="4" />
        <bin index="14" start="0.014" width="0.001" count="2" />
        <bin index="15" start="0.015" width="0.001" count="3" />
        <bin index="16" start="0.016" width="0.001" count="2" />
        <bin index="17" start="0.017" width="0.001" count="1" />
      </jitterHistogram>
      <packetSizeHistogram nBins="53" >
        <bin index="2" start="40" width="20" count="2" />
        <bin index="52" start="1040" width="20" count="47631" />
      </packetSizeHistogram>
      <flowInterruptionsHistogram nBins="0" >
      </flowInterruptionsHistogram>
    </Flow>
    <Flow flowId="2" timeFirstTxPacket="+3006538499.0ns" timeFirstRxPacket="+3012986998.0ns" timeLastTxPacket="+49999820871.0ns" timeLastRxPacket="+49999974704.0ns" delaySum="+26057790434.0ns" jitterSum="+21347143542.0ns" lastDelay="+153833.0ns" txBytes="1238488" rxBytes="1238488" txPackets="23817" rxPackets="23817" lostPackets="0" timesForwarded="0">
      <delayHistogram nBins="17" >
        <bin index="0" start="0" width="0.001" count="13495" />
        <bin index="1" start="0.001" width="0.001" count="7168" />
        <bin index="2" start="0.002" width="0.001" count="1964" />
        <bin index="3" start="0.003" width="0.001" count="581" />
        <bin index="4" start="0.004" width="0.001" count="277" />
        <bin index="5" start="0.005" width="0.001" count="134" />
        <bin index="6" start="0.006" width="0.001" count="86" />
        <bin index="7" start="0.007" width="0.001" count="37" />
        <bin index="8" start="0.008" width="0.001" count="28" />
        <bin index="9" start="0.009" width="0.001" count="14" />
        <bin index="10" start="0.01" width="0.001" count="9" />
        <bin index="11" start="0.011" width="0.001" count="6" />
        <bin index="12" start="0.012" width="0.001" count="7" />
        <bin index="13" start="0.013" width="0.001" count="5" />
        <bin index="14" start="0.014" width="0.001" count="3" />
        <bin index="15" start="0.015" width="0.001" count="2" />
        <bin index="16" start="0.016" width="0.001" count="1" />
      </delayHistogram>
      <jitterHistogram nBins="16" >
        <bin index="0" start="0" width="0.001" count="15437" />
        <bin index="1" start="0.001" width="0.001" count="6578" />
        <bin index="2" start="0.002" width="0.001" count="1295" />
        <bin index="3" start="0.003" width="0.001" count="276" />
        <bin index="4" start="0.004" width="0.001" count="97" />
        <bin index="5" start="0.005" width="0.001" count="59" />
        <bin index="6" start="0.006" width="0.001" count="29" />
        <bin index="7" start="0.007" width="0.001" count="21" />
        <bin index="8" start="0.008" width="0.001" count="6" />
        <bin index="9" start="0.009" width="0.001" count="5" />
        <bin index="10" start="0.01" width="0.001" count="2" />
        <bin index="11" start="0.011" width="0.001" count="3" />
        <bin index="12" start="0.012" width="0.001" count="2" />
        <bin index="13" start="0.013" width="0.001" count="4" />
        <bin index="14" start="0.014" width="0.001" count="1" />
        <bin index="15" start="0.015" width="0.001" count="1" />
      </jitterHistogram>
      <packetSizeHistogram nBins="3" >
        <bin index="2" start="40" width="20" count="23817" />
      </packetSizeHistogram>
      <flowInterruptionsHistogram nBins="0" >
      </flowInterruptionsHistogram>
    </Flow>
    <Flow flowId="3" timeFirstTxPacket="+4000000000.0ns" timeFirstRxPacket="+4006480305.0ns" timeLastTxPacket="+49999425438.0ns" timeLastRxPacket="+49999200872.0ns" delaySum="+5918877609615.0ns" jitterSum="+54301284282.0ns" lastDelay="+135693735.0ns" txBytes="48156460" rxBytes="48019700" txPackets="45778" rxPackets="45648" lostPackets="0" timesForwarded="0">
      <delayHistogram nBins="159" >
        <bin index="0" start="0" width="0.001" count="3" />
        <bin index="1" start="0.001" width="0.001" count="5" />
        <bin index="2" start="0.002" width="0.001" count="5" />
        <bin index="3" start="0.003" width="0.001" count="2" />
        <bin index="4" start="0.004" width="0.001" count="2" />
        <bin index="5" start="0.005" width="0.001" count="3" />
        <bin index="6" start="0.006" width="0.001" count="3" />
        <bin index="7" start="0.007" width="0.001" count="4" />
        <bin index="8" start="0.008" width="0.001" count="4" />
        <bin index="9" start="0.009" width="0.001" count="3" />
        <bin index="10" start="0.01" width="0.001" count="5" />
        <bin index="11" start="0.011" width="0.001" count="1" />
        <bin index="12" start="0.012" width="0.001" count="3" />
        <bin index="14" start="0.014" width="0.001" count="2" />
        <bin index="15" start="0.015" width="0.001" count="2" />
        <bin index="17" start="0.017" width="0.001" count="1" />
        <bin index="18" start="0.018" width="0.001" count="6" />
        <bin index="19" start="0.019" width="0.001" count="16" />
        <bin index="20" start="0.02" width="0.001" count="10" />
        <bin index="21" start="0.021" width="0.001" count="10" />
        <bin index="22" start="0.022" width="0.001" count="2" />
        <bin index="23" start="0.023" width="0.001" count="3" />
        <bin index="24" start="0.024" width="0.001" count="5" />
        <bin index="25" start="0.025" width="0.001" count="3" />
        <bin index="26" start="0.026" width="0.001" count="1" />
        <bin index="27" start="0.027" width="0.001" count="1" />
        <bin index="28" start="0.028" width="0.001" count="1" />
        <bin index="30" start="0.03" width="0.001" count="1" />
        <bin index="31" start="0.031" width="0.001" count="1" />
        <bin index="32" start="0.032" width="0.001" count="1" />
        <bin index="33" start="0.033" width="0.001" count="2" />
        <bin index="34" start="0.034" width="0.001" count="4" />
        <bin index="35" start="0.035" width="0.001" count="2" />
        <bin index="36" start="0.036" width="0.001" count="4" />
        <bin index="37" start="0.037" width="0.001" count="1" />
        <bin index="38" start="0.038" width="0.001" count="2" />
        <bin index="39" start="0.039" width="0.001" count="2" />
        <bin index="41" start="0.041" width="0.001" count="1" />
        <bin index="42" start="0.042" width="0.001" count="2" />
        <bin index="43" start="0.043" width="0.001" count="2" />
        <bin index="44" start="0.044" width="0.001" count="2" />
        <bin index="45" start="0.045" width="0.001" count="2" />
        <bin index="46" start="0.046" width="0.001" count="1" />
        <bin index="47" start="0.047" width="0.001" count="5" />
        <bin index="48" start="0.048" width="0.001" count="5" />
        <bin index="49" start="0.049" width="0.001" count="4" />
        <bin index="50" start="0.05" width="0.001" count="1" />
        <bin index="51" start="0.051" width="0.001" count="4" />
        <bin index="52" start="0.052" width="0.001" count="5" />
        <bin index="53" start="0.053" width="0.001" count="3" />
        <bin index="54" start="0.054" width="0.001" count="3" />
        <bin index="55" start="0.055" width="0.001" count="3" />
        <bin index="56" start="0.056" width="0.001" count="3" />
        <bin index="57" start="0.057" width="0.001" count="4" />
        <bin index="58" start="0.058" width="0.001" count="9" />
        <bin index="59" start="0.059" width="0.001" count="4" />
        <bin index="60" start="0.06" width="0.001" count="7" />
        <bin index="61" start="0.061" width="0.001" count="8" />
        <bin index="62" start="0.062" width="0.001" count="6" />
        <bin index="63" start="0.063" width="0.001" count="4" />
        <bin index="64" start="0.064" width="0.001" count="2" />
        <bin index="65" start="0.065" width="0.001" count="2" />
        <bin index="66" start="0.066" width="0.001" count="12" />
        <bin index="67" start="0.067" width="0.001" count="10" />
        <bin index="68" start="0.068" width="0.001" count="11" />
        <bin index="69" start="0.069" width="0.001" count="7" />
        <bin index="70" start="0.07" width="0.001" count="1" />
        <bin index="71" start="0.071" width="0.001" count="1" />
        <bin index="72" start="0.072" width="0.001" count="1" />
        <bin index="73" start="0.073" width="0.001" count="1" />
        <bin index="74" start="0.074" width="0.001" count="4" />
        <bin index="75" start="0.075" width="0.001" count="4" />
        <bin index="76" start="0.076" width="0.001" count="2" />
        <bin index="77" start="0.077" width="0.001" count="2" />
        <bin index="78" start="0.078" width="0.001" count="3" />
        <bin index="79" start="0.079" width="0.001" count="2" />
        <bin index="80" start="0.08" width="0.001" count="3" />
        <bin index="81" start="0.081" width="0.001" count="1" />
        <bin index="82" start="0.082" width="0.001" count="1" />
        <bin index="83" start="0.083" width="0.001" count="2" />
        <bin index="84" start="0.084" width="0.001" count="2" />
        <bin index="86" start="0.086" width="0.001" count="1" />
        <bin index="87" start="0.087" width="0.001" count="4" />
        <bin index="88" start="0.088" width="0.001" count="5" />
        <bin index="90" start="0.09" width="0.001" count="3" />
        <bin index="91" start="0.091" width="0.001" count="2" />
        <bin index="92" start="0.092" width="0.001" count="2" />
        <bin index="93" start="0.093" width="0.001" count="4" />
        <bin index="94" start="0.094" width="0.001" count="2" />
        <bin index="95" start="0.095" width="0.001" count="3" />
        <bin index="96" start="0.096" width="0.001" count="1" />
        <bin index="97" start="0.097" width="0.001" count="2" />
        <bin index="98" start="0.098" width="0.001" count="4" />
        <bin index="99" start="0.099" width="0.001" count="2" />
        <bin index="100" start="0.1" width="0.001" count="9" />
        <bin index="101" start="0.101" width="0.001" count="20" />
        <bin index="102" start="0.102" width="0.001" count="10" />
        <bin index="103" start="0.103" width="0.001" count="19" />
        <bin index="104" start="0.104" width="0.001" count="31" />
        <bin index="105" start="0.105" width="0.001" count="22" />
        <bin index="106" start="0.106" width="0.001" count="19" />
        <bin index="107" start="0.107" width="0.001" count="13" />
        <bin index="108" start="0.108" width="0.001" count="21" />
        <bin index="109" start="0.109" width="0.001" count="23" />
        <bin index="110" start="0.11" width="0.001" count="42" />
        <bin index="111" start="0.111" width="0.001" count="68" />
        <bin index="112" start="0.112" width="0.001" count="107" />
        <bin index="113" start="0.113" width="0.001" count="138" />
        <bin index="114" start="0.114" width="0.001" count="216" />
        <bin index="115" start="0.115" width="0.001" count="301" />
        <bin index="116" start="0.116" width="0.001" count="447" />
        <bin index="117" start="0.117" width="0.001" count="567" />
        <bin index="118" start="0.118" width="0.001" count="748" />
        <bin index="119" start="0.119" width="0.001" count="947" />
        <bin index="120" start="0.12" width="0.001" count="1090" />
        <bin index="121" start="0.121" width="0.001" count="1392" />
        <bin index="122" start="0.122" width="0.001" count="1614" />
        <bin index="123" start="0.123" width="0.001" count="1661" />
        <bin index="124" start="0.124" width="0.001" count="1845" />
        <bin index="125" start="0.125" width="0.001" count="1997" />
        <bin index="126" start="0.126" width="0.001" count="2193" />
        <bin index="127" start="0.127" width="0.001" count="2259" />
        <bin index="128" start="0.128" width="0.001" count="2389" />
        <bin index="129" start="0.129" width="0.001" count="2365" />
        <bin index="130" start="0.13" width="0.001" count="2324" />
        <bin index="131" start="0.131" width="0.001" count="2296" />
        <bin index="132" start="0.132" width="0.001" count="2273" />
        <bin index="133" start="0.133" width="0.001" count="2026" />
        <bin index="134" start="0.134" width="0.001" count="1929" />
        <bin index="135" start="0.135" width="0.001" count="1763" />
        <bin index="136" start="0.136" width="0.001" count="1545" />
        <bin index="137" start="0.137" width="0.001" count="1411" />
        <bin index="138" start="0.138" width="0.001" count="1295" />
        <bin index="139" start="0.139" width="0.001" count="1192" />
        <bin index="140" start="0.14" width="0.001" count="961" />
        <bin index="141" start="0.141" width="0.001" count="802" />
        <bin index="142" start="0.142" width="0.001" count="674" />
        <bin index="143" start="0.143" width="0.001" count="519" />
        <bin index="144" start="0.144" width="0.001" count="414" />
        <bin index="145" start="0.145" width="0.001" count="323" />
        <bin index="146" start="0.146" width="0.001" count="270" />
        <bin index="147" start="0.147" width="0.001" count="199" />
        <bin index="148" start="0.148" width="0.001" count="152" />
        <bin index="149" start="0.149" width="0.001" count="114" />
        <bin index="150" start="0.15" width="0.001" count="81" />
        <bin index="151" start="0.151" width="0.001" count="45" />
        <bin index="152" start="0.152" width="0.001" count="55" />
        <bin index="153" start="0.153" width="0.001" count="40" />
        <bin index="154" start="0.154" width="0.001" count="24" />
        <bin index="155" start="0.155" width="0.001" count="13" />
        <bin index="156" start="0.156" width="0.001" count="6" />
        <bin index="157" start="0.157" width="0.001" count="5" />
        <bin index="158" start="0.158" width="0.001" count="1" />
      </delayHistogram>
      <jitterHistogram nBins="18" >
        <bin index="0" start="0" width="0.001" count="26254" />
        <bin index="1" start="0.001" width="0.001" count="13179" />
        <bin index="2" start="0.002" width="0.001" count="3693" />
        <bin index="3" start="0.003" width="0.001" count="1446" />
        <bin index="4" start="0.004" width="0.001" count="529" />
        <bin index="5" start="0.005" width="0.001" count="262" />
        <bin index="6" start="0.006" width="0.001" count="124" />
        <bin index="7" start="0.007" width="0.001" count="67" />
        <bin index="8" start="0.008" width="0.001" count="32" />
        <bin index="9" start="0.009" width="0.001" count="27" />
        <bin index="10" start="0.01" width="0.001" count="12" />
        <bin index="11" start="0.011" width="0.001" count="8" />
        <bin index="12" start="0.012" width="0.001" count="4" />
        <bin index="13" start="0.013" width="0.001" count="2" />
        <bin index="14" start="0.014" width="0.001" count="3" />
        <bin index="15" start="0.015" width="0.001" count="1" />
        <bin index="16" start="0.016" width="0.001" count="2" />
        <bin index="17" start="0.017" width="0.001" count="2" />
      </jitterHistogram>
      <packetSizeHistogram nBins="53" >
        <bin index="2" start="40" width="20" count="2" />
        <bin index="52" start="1040" width="20" count="45646" />
      </packetSizeHistogram>
      <flowInterruptionsHistogram nBins="0" >
      </flowInterruptionsHistogram>
    </Flow>
    <Flow flowId="4" timeFirstTxPacket="+4006480305.0ns" timeFirstRxPacket="+4010280131.0ns" timeLastTxPacket="+49998342206.0ns" timeLastRxPacket="+49999336705.0ns" delaySum="+25805851351.0ns" jitterSum="+21108937561.0ns" lastDelay="+994499.0ns" txBytes="1186852" rxBytes="1186852" txPackets="22824" rxPackets="22824" lostPackets="0" timesForwarded="0">
      <delayHistogram nBins="17" >
        <bin index="0" start="0" width="0.001" count="12458" />
        <bin index="1" start="0.001" width="0.001" count="7260" />
        <bin index="2" start="0.002" width="0.001" count="1910" />
        <bin index="3" start="0.003" width="0.001" count="563" />
        <bin index="4" start="0.004" width="0.001" count="271" />
        <bin index="5" start="0.005" width="0.001" count="150" />
        <bin index="6" start="0.006" width="0.001" count="74" />
        <bin index="7" start="0.007" width="0.001" count="52" />
        <bin index="8" start="0.008" width="0.001" count="29" />
        <bin index="9" start="0.009" width="0.001" count="17" />
        <bin index="10" start="0.01" width="0.001" count="15" />
        <bin index="11" start="0.011" width="0.001" count="11" />
        <bin index="12" start="0.012" width="0.001" count="3" />
        <bin index="13" start="0.013" width="0.001" count="5" />
        <bin index="14" start="0.014" width="0.001" count="2" />
        <bin index="15" start="0.015" width="0.001" count="2" />
        <bin index="16" start="0.016" width="0.001" count="2" />
      </delayHistogram>
      <jitterHistogram nBins="17" >
        <bin index="0" start="0" width="0.001" count="14543" />
        <bin index="1" start="0.001" width="0.001" count="6492" />
        <bin index="2" start="0.002" width="0.001" count="1239" />
        <bin index="3" start="0.003" width="0.001" count="294" />
        <bin index="4" start="0.004" width="0.001" count="122" />
        <bin index="5" start="0.005" width="0.001" count="49" />
        <bin index="6" start="0.006" width="0.001" count="34" />
        <bin index="7" start="0.007" width="0.001" count="17" />
        <bin index="8" start="0.008" width="0.001" count="9" />
        <bin index="9" start="0.009" width="0.001" count="10" />
        <bin index="10" start="0.01" width="0.001" count="4" />
        <bin index="11" start="0.011" width="0.001" count="4" />
        <bin index="12" start="0.012" width="0.001" count="1" />
        <bin index="13" start="0.013" width="0.001" count="3" />
        <bin index="15" start="0.015" width="0.001" count="1" />
        <bin index="16" start="0.016" width="0.001" count="1" />
      </jitterHistogram>
      <packetSizeHistogram nBins="3" >
        <bin index="2" start="40" width="20" count="22824" />
      </packetSizeHistogram>
      <flowInterruptionsHistogram nBins="0" >
      </flowInterruptionsHistogram>
    </Flow>
  </FlowStats>
  <Ipv4FlowClassifier>
    <Flow flowId="4" sourceAddress="10.0.0.1" destinationAddress="10.0.0.2" protocol="6" sourcePort="9" destinationPort="49153">
      <Dscp value="0x0" packets="22824" />
    </Flow>
    <Flow flowId="2" sourceAddress="10.0.0.1" destinationAddress="10.0.0.3" protocol="6" sourcePort="9" destinationPort="49153">
      <Dscp value="0x0" packets="23817" />
    </Flow>
    <Flow flowId="3" sourceAddress="10.0.0.2" destinationAddress="10.0.0.1" protocol="6" sourcePort="49153" destinationPort="9">
      <Dscp value="0x0" packets="45778" />
    </Flow>
    <Flow flowId="1" sourceAddress="10.0.0.3" destinationAddress="10.0.0.1" protocol="6" sourcePort="49153" destinationPort="9">
      <Dscp value="0x0" packets="47762" />
    </Flow>
  </Ipv4FlowClassifier>
  <Ipv6FlowClassifier>
  </Ipv6FlowClassifier>
  <FlowProbes>
    <FlowProbe index="0">
      <FlowStats  flowId="3" packets="45778" bytes="48156460" delayFromFirstProbeSum="+0.0ns" >
      </FlowStats>
      <FlowStats  flowId="4" packets="22824" bytes="1186852" delayFromFirstProbeSum="+25805851351.0ns" >
      </FlowStats>
    </FlowProbe>
    <FlowProbe index="1">
    </FlowProbe>
    <FlowProbe index="2">
      <FlowStats  flowId="1" packets="47762" bytes="50243628" delayFromFirstProbeSum="+0.0ns" >
      </FlowStats>
      <FlowStats  flowId="2" packets="23817" bytes="1238488" delayFromFirstProbeSum="+26057790434.0ns" >
      </FlowStats>
    </FlowProbe>
    <FlowProbe index="3">
    </FlowProbe>
    <FlowProbe index="4">
      <FlowStats  flowId="1" packets="47633" bytes="50107920" delayFromFirstProbeSum="+6057484113949.0ns" >
      </FlowStats>
      <FlowStats  flowId="2" packets="23817" bytes="1238488" delayFromFirstProbeSum="+0.0ns" >
      </FlowStats>
      <FlowStats  flowId="3" packets="45648" bytes="48019700" delayFromFirstProbeSum="+5918877609615.0ns" >
      </FlowStats>
      <FlowStats  flowId="4" packets="22824" bytes="1186852" delayFromFirstProbeSum="+0.0ns" >
      </FlowStats>
    </FlowProbe>
    <FlowProbe index="5">
    </FlowProbe>
  </FlowProbes>
</FlowMonitor>
