<?xml version="1.0" ?>
<FlowMonitor>
  <FlowStats>
    <Flow flowId="1" timeFirstTxPacket="+1000000000.0ns" timeFirstRxPacket="+1003529499.0ns" timeLastTxPacket="+49996428006.0ns" timeLastRxPacket="+49999996126.0ns" delaySum="+6315600046750.0ns" jitterSum="+57394881575.0ns" lastDelay="+138606432.0ns" txBytes="53279700" rxBytes="53145044" txPackets="50648" rxPackets="50520" lostPackets="0" timesForwarded="0">
      <delayHistogram nBins="161" >
        <bin index="0" start="0" width="0.001" count="8" />
        <bin index="1" start="0.001" width="0.001" count="6" />
        <bin index="2" start="0.002" width="0.001" count="8" />
        <bin index="3" start="0.003" width="0.001" count="9" />
        <bin index="4" start="0.004" width="0.001" count="3" />
        <bin index="5" start="0.005" width="0.001" count="2" />
        <bin index="6" start="0.006" width="0.001" count="6" />
        <bin index="7" start="0.007" width="0.001" count="7" />
        <bin index="8" start="0.008" width="0.001" count="4" />
        <bin index="9" start="0.009" width="0.001" count="7" />
        <bin index="10" start="0.01" width="0.001" count="3" />
        <bin index="11" start="0.011" width="0.001" count="6" />
        <bin index="12" start="0.012" width="0.001" count="5" />
        <bin index="13" start="0.013" width="0.001" count="8" />
        <bin index="14" start="0.014" width="0.001" count="8" />
        <bin index="15" start="0.015" width="0.001" count="5" />
        <bin index="16" start="0.016" width="0.001" count="7" />
        <bin index="17" start="0.017" width="0.001" count="3" />
        <bin index="18" start="0.018" width="0.001" count="7" />
        <bin index="19" start="0.019" width="0.001" count="3" />
        <bin index="20" start="0.02" width="0.001" count="3" />
        <bin index="21" start="0.021" width="0.001" count="6" />
        <bin index="22" start="0.022" width="0.001" count="6" />
        <bin index="23" start="0.023" width="0.001" count="4" />
        <bin index="24" start="0.024" width="0.001" count="6" />
        <bin index="25" start="0.025" width="0.001" count="5" />
        <bin index="26" start="0.026" width="0.001" count="7" />
        <bin index="27" start="0.027" width="0.001" count="4" />
        <bin index="28" start="0.028" width="0.001" count="4" />
        <bin index="29" start="0.029" width="0.001" count="6" />
        <bin index="30" start="0.03" width="0.001" count="8" />
        <bin index="31" start="0.031" width="0.001" count="7" />
        <bin index="32" start="0.032" width="0.001" count="6" />
        <bin index="33" start="0.033" width="0.001" count="5" />
        <bin index="34" start="0.034" width="0.001" count="6" />
        <bin index="35" start="0.035" width="0.001" count="9" />
        <bin index="36" start="0.036" width="0.001" count="6" />
        <bin index="37" start="0.037" width="0.001" count="3" />
        <bin index="38" start="0.038" width="0.001" count="7" />
        <bin index="39" start="0.039" width="0.001" count="4" />
        <bin index="40" start="0.04" width="0.001" count="6" />
        <bin index="41" start="0.041" width="0.001" count="6" />
        <bin index="42" start="0.042" width="0.001" count="5" />
        <bin index="43" start="0.043" width="0.001" count="6" />
        <bin index="44" start="0.044" width="0.001" count="5" />
        <bin index="45" start="0.045" width="0.001" count="7" />
        <bin index="46" start="0.046" width="0.001" count="7" />
        <bin index="47" start="0.047" width="0.001" count="3" />
        <bin index="48" start="0.048" width="0.001" count="5" />
        <bin index="49" start="0.049" width="0.001" count="6" />
        <bin index="50" start="0.05" width="0.001" count="5" />
        <bin index="51" start="0.051" width="0.001" count="5" />
        <bin index="52" start="0.052" width="0.001" count="6" />
        <bin index="53" start="0.053" width="0.001" count="4" />
        <bin index="54" start="0.054" width="0.001" count="5" />
        <bin index="55" start="0.055" width="0.001" count="5" />
        <bin index="56" start="0.056" width="0.001" count="3" />
        <bin index="57" start="0.057" width="0.001" count="4" />
        <bin index="58" start="0.058" width="0.001" count="6" />
        <bin index="59" start="0.059" width="0.001" count="6" />
        <bin index="60" start="0.06" width="0.001" count="7" />
        <bin index="61" start="0.061" width="0.001" count="7" />
        <bin index="62" start="0.062" width="0.001" count="4" />
        <bin index="63" start="0.063" width="0.001" count="4" />
        <bin index="64" start="0.064" width="0.001" count="6" />
        <bin index="65" start="0.065" width="0.001" count="5" />
        <bin index="66" start="0.066" width="0.001" count="7" />
        <bin index="67" start="0.067" width="0.001" count="14" />
        <bin index="68" start="0.068" width="0.001" count="68" />
        <bin index="69" start="0.069" width="0.001" count="497" />
        <bin index="70" start="0.07" width="0.001" count="1230" />
        <bin index="71" start="0.071" width="0.001" count="1115" />
        <bin index="72" start="0.072" width="0.001" count="276" />
        <bin index="73" start="0.073" width="0.001" count="93" />
        <bin index="74" start="0.074" width="0.001" count="10" />
        <bin index="75" start="0.075" width="0.001" count="3" />
        <bin index="77" start="0.077" width="0.001" count="1" />
        <bin index="78" start="0.078" width="0.001" count="1" />
        <bin index="80" start="0.08" width="0.001" count="2" />
        <bin index="81" start="0.081" width="0.001" count="2" />
        <bin index="82" start="0.082" width="0.001" count="2" />
        <bin index="83" start="0.083" width="0.001" count="3" />
        <bin index="85" start="0.085" width="0.001" count="3" />
        <bin index="86" start="0.086" width="0.001" count="1" />
        <bin index="89" start="0.089" width="0.001" count="3" />
        <bin index="90" start="0.09" width="0.001" count="2" />
        <bin index="91" start="0.091" width="0.001" count="7" />
        <bin index="92" start="0.092" width="0.001" count="4" />
        <bin index="93" start="0.093" width="0.001" count="1" />
        <bin index="94" start="0.094" width="0.001" count="1" />
        <bin index="95" start="0.095" width="0.001" count="6" />
        <bin index="96" start="0.096" width="0.001" count="3" />
        <bin index="97" start="0.097" width="0.001" count="4" />
        <bin index="98" start="0.098" width="0.001" count="6" />
        <bin index="99" start="0.099" width="0.001" count="1" />
        <bin index="100" start="0.1" width="0.001" count="2" />
        <bin index="101" start="0.101" width="0.001" count="3" />
        <bin index="102" start="0.102" width="0.001" count="13" />
        <bin index="103" start="0.103" width="0.001" count="14" />
        <bin index="104" start="0.104" width="0.001" count="31" />
        <bin index="105" start="0.105" width="0.001" count="25" />
        <bin index="106" start="0.106" width="0.001" count="37" />
        <bin index="107" start="0.107" width="0.001" count="21" />
        <bin index="108" start="0.108" width="0.001" count="37" />
        <bin index="109" start="0.109" width="0.001" count="51" />
        <bin index="110" start="0.11" width="0.001" count="92" />
        <bin index="111" start="0.111" width="0.001" count="122" />
        <bin index="112" start="0.112" width="0.001" count="166" />
        <bin index="113" start="0.113" width="0.001" count="226" />
        <bin index="114" start="0.114" width="0.001" count="291" />
        <bin index="115" start="0.115" width="0.001" count="396" />
        <bin index="116" start="0.116" width="0.001" count="510" />
        <bin index="117" start="0.117" width="0.001" count="673" />
        <bin index="118" start="0.118" width="0.001" count="827" />
        <bin index="119" start="0.119" width="0.001" count="1005" />
        <bin index="120" start="0.12" width="0.001" count="1257" />
        <bin index="121" start="0.121" width="0.001" count="1427" />
        <bin index="122" start="0.122" width="0.001" count="1701" />
        <bin index="123" start="0.123" width="0.001" count="1902" />
        <bin index="124" start="0.124" width="0.001" count="2169" />
        <bin index="125" start="0.125" width="0.001" count="2280" />
        <bin index="126" start="0.126" width="0.001" count="2450" />
        <bin index="127" start="0.127" width="0.001" count="2507" />
        <bin index="128" start="0.128" width="0.001" count="2499" />
        <bin index="129" start="0.129" width="0.001" count="2422" />
        <bin index="130" start="0.13" width="0.001" count="2338" />
        <bin index="131" start="0.131" width="0.001" count="2267" />
        <bin index="132" start="0.132" width="0.001" count="2185" />
        <bin index="133" start="0.133" width="0.001" count="1965" />
        <bin index="134" start="0.134" width="0.001" count="1828" />
        <bin index="135" start="0.135" width="0.001" count="1834" />
        <bin index="136" start="0.136" width="0.001" count="1577" />
        <bin index="137" start="0.137" width="0.001" count="1412" />
        <bin index="138" start="0.138" width="0.001" count="1178" />
        <bin index="139" start="0.139" width="0.001" count="995" />
        <bin index="140" start="0.14" width="0.001" count="774" />
        <bin index="141" start="0.141" width="0.001" count="643" />
        <bin index="142" start="0.142" width="0.001" count="528" />
        <bin index="143" start="0.143" width="0.001" count="410" />
        <bin index="144" start="0.144" width="0.001" count="292" />
        <bin index="145" start="0.145" width="0.001" count="254" />
        <bin index="146" start="0.146" width="0.001" count="196" />
        <bin index="147" start="0.147" width="0.001" count="169" />
        <bin index="148" start="0.148" width="0.001" count="155" />
        <bin index="149" start="0.149" width="0.001" count="116" />
        <bin index="150" start="0.15" width="0.001" count="126" />
        <bin index="151" start="0.151" width="0.001" count="110" />
        <bin index="152" start="0.152" width="0.001" count="84" />
        <bin index="153" start="0.153" width="0.001" count="52" />
        <bin index="154" start="0.154" width="0.001" count="35" />
        <bin index="155" start="0.155" width="0.001" count="41" />
        <bin index="156" start="0.156" width="0.001" count="33" />
        <bin index="157" start="0.157" width="0.001" count="15" />
        <bin index="158" start="0.158" width="0.001" count="11" />
        <bin index="159" start="0.159" width="0.001" count="6" />
        <bin index="160" start="0.16" width="0.001" count="4" />
      </delayHistogram>
      <jitterHistogram nBins="20" >
        <bin index="0" start="0" width="0.001" count="30465" />
        <bin index="1" start="0.001" width="0.001" count="13747" />
        <bin index="2" start="0.002" width="0.001" count="3857" />
        <bin index="3" start="0.003" width="0.001" count="1426" />
        <bin index="4" start="0.004" width="0.001" count="511" />
        <bin index="5" start="0.005" width="0.001" count="240" />
        <bin index="6" start="0.006" width="0.001" count="108" />
        <bin index="7" start="0.007" width="0.001" count="61" />
        <bin index="8" start="0.008" width="0.001" count="29" />
        <bin index="9" start="0.009" width="0.001" count="34" />
        <bin index="10" start="0.01" width="0.001" count="14" />
        <bin index="11" start="0.011" width="0.001" count="13" />
        <bin index="12" start="0.012" width="0.001" count="6" />
        <bin index="13" start="0.013" width="0.001" count="1" />
        <bin index="14" start="0.014" width="0.001" count="1" />
        <bin index="15" start="0.015" width="0.001" count="1" />
        <bin index="16" start="0.016" width="0.001" count="2" />
        <bin index="18" start="0.018" width="0.001" count="1" />
        <bin index="19" start="0.019" width="0.001" count="2" />
      </jitterHistogram>
      <packetSizeHistogram nBins="53" >
        <bin index="2" start="40" width="20" count="2" />
        <bin index="52" start="1040" width="20" count="50518" />
      </packetSizeHistogram>
      <flowInterruptionsHistogram nBins="0" >
      </flowInterruptionsHistogram>
    </Flow>
    <Flow flowId="2" timeFirstTxPacket="+1003529499.0ns" timeFirstRxPacket="+1010031998.0ns" timeLastTxPacket="+49998539128.0ns" timeLastRxPacket="+49996301633.0ns" delaySum="+26765252448.0ns" jitterSum="+22239182574.0ns" lastDelay="+1194165.0ns" txBytes="1313524" rxBytes="1313472" txPackets="25260" rxPackets="25259" lostPackets="0" timesForwarded="0">
      <delayHistogram nBins="19" >
        <bin index="0" start="0" width="0.001" count="14678" />
        <bin index="1" start="0.001" width="0.001" count="7456" />
        <bin index="2" start="0.002" width="0.001" count="1964" />
        <bin index="3" start="0.003" width="0.001" count="579" />
        <bin index="4" start="0.004" width="0.001" count="258" />
        <bin index="5" start="0.005" width="0.001" count="129" />
        <bin index="6" start="0.006" width="0.001" count="70" />
        <bin index="7" start="0.007" width="0.001" count="49" />
        <bin index="8" start="0.008" width="0.001" count="31" />
        <bin index="9" start="0.009" width="0.001" count="20" />
        <bin index="10" start="0.01" width="0.001" count="7" />
        <bin index="11" start="0.011" width="0.001" count="6" />
        <bin index="12" start="0.012" width="0.001" count="2" />
        <bin index="13" start="0.013" width="0.001" count="2" />
        <bin index="14" start="0.014" width="0.001" count="3" />
        <bin index="15" start="0.015" width="0.001" count="1" />
        <bin index="16" start="0.016" width="0.001" count="2" />
        <bin index="18" start="0.018" width="0.001" count="2" />
      </delayHistogram>
      <jitterHistogram nBins="19" >
        <bin index="0" start="0" width="0.001" count="16576" />
        <bin index="1" start="0.001" width="0.001" count="6855" />
        <bin index="2" start="0.002" width="0.001" count="1311" />
        <bin index="3" start="0.003" width="0.001" count="283" />
        <bin index="4" start="0.004" width="0.001" count="104" />
        <bin index="5" start="0.005" width="0.001" count="46" />
        <bin index="6" start="0.006" width="0.001" count="33" />
        <bin index="7" start="0.007" width="0.001" count="24" />
        <bin index="8" start="0.008" width="0.001" count="10" />
        <bin index="9" start="0.009" width="0.001" count="7" />
        <bin index="10" start="0.01" width="0.001" count="3" />
        <bin index="11" start="0.011" width="0.001" count="3" />
        <bin index="16" start="0.016" width="0.001" count="1" />
        <bin index="17" start="0.017" width="0.001" count="1" />
        <bin index="18" start="0.018" width="0.001" count="1" />
      </jitterHistogram>
      <packetSizeHistogram nBins="3" >
        <bin index="2" start="40" width="20" count="25259" />
      </packetSizeHistogram>
      <flowInterruptionsHistogram nBins="0" >
      </flowInterruptionsHistogram>
    </Flow>
    <Flow flowId="3" timeFirstTxPacket="+3000000000.0ns" timeFirstRxPacket="+3009231080.0ns" timeLastTxPacket="+49999412948.0ns" timeLastRxPacket="+49999593793.0ns" delaySum="+6049022904061.0ns" jitterSum="+55300131666.0ns" lastDelay="+123139308.0ns" txBytes="49179004" rxBytes="49042244" txPackets="46750" rxPackets="46620" lostPackets="0" timesForwarded="0">
      <delayHistogram nBins="166" >
        <bin index="0" start="0" width="0.001" count="1" />
        <bin index="1" start="0.001" width="0.001" count="2" />
        <bin index="2" start="0.002" width="0.001" count="6" />
        <bin index="3" start="0.003" width="0.001" count="7" />
        <bin index="4" start="0.004" width="0.001" count="4" />
        <bin index="5" start="0.005" width="0.001" count="3" />
        <bin index="6" start="0.006" width="0.001" count="1" />
        <bin index="7" start="0.007" width="0.001" count="3" />
        <bin index="8" start="0.008" width="0.001" count="6" />
        <bin index="9" start="0.009" width="0.001" count="5" />
        <bin index="10" start="0.01" width="0.001" count="2" />
        <bin index="12" start="0.012" width="0.001" count="1" />
        <bin index="13" start="0.013" width="0.001" count="1" />
        <bin index="14" start="0.014" width="0.001" count="3" />
        <bin index="15" start="0.015" width="0.001" count="4" />
        <bin index="16" start="0.016" width="0.001" count="1" />
        <bin index="17" start="0.017" width="0.001" count="1" />
        <bin index="20" start="0.02" width="0.001" count="1" />
        <bin index="21" start="0.021" width="0.001" count="1" />
        <bin index="22" start="0.022" width="0.001" count="5" />
        <bin index="23" start="0.023" width="0.001" count="2" />
        <bin index="24" start="0.024" width="0.001" count="4" />
        <bin index="25" start="0.025" width="0.001" count="3" />
        <bin index="26" start="0.026" width="0.001" count="4" />
        <bin index="27" start="0.027" width="0.001" count="9" />
        <bin index="28" start="0.028" width="0.001" count="1" />
        <bin index="29" start="0.029" width="0.001" count="5" />
        <bin index="30" start="0.03" width="0.001" count="7" />
        <bin index="31" start="0.031" width="0.001" count="4" />
        <bin index="32" start="0.032" width="0.001" count="5" />
        <bin index="33" start="0.033" width="0.001" count="4" />
        <bin index="34" start="0.034" width="0.001" count="4" />
        <bin index="36" start="0.036" width="0.001" count="1" />
        <bin index="37" start="0.037" width="0.001" count="3" />
        <bin index="38" start="0.038" width="0.001" count="2" />
        <bin index="39" start="0.039" width="0.001" count="5" />
        <bin index="40" start="0.04" width="0.001" count="5" />
        <bin index="41" start="0.041" width="0.001" count="3" />
        <bin index="42" start="0.042" width="0.001" count="5" />
        <bin index="43" start="0.043" width="0.001" count="1" />
        <bin index="44" start="0.044" width="0.001" count="1" />
        <bin index="45" start="0.045" width="0.001" count="4" />
        <bin index="46" start="0.046" width="0.001" count="1" />
        <bin index="47" start="0.047" width="0.001" count="4" />
        <bin index="48" start="0.048" width="0.001" count="3" />
        <bin index="49" start="0.049" width="0.001" count="2" />
        <bin index="50" start="0.05" width="0.001" count="2" />
        <bin index="52" start="0.052" width="0.001" count="1" />
        <bin index="55" start="0.055" width="0.001" count="2" />
        <bin index="56" start="0.056" width="0.001" count="2" />
        <bin index="57" start="0.057" width="0.001" count="4" />
        <bin index="58" start="0.058" width="0.001" count="3" />
        <bin index="59" start="0.059" width="0.001" count="2" />
        <bin index="60" start="0.06" width="0.001" count="4" />
        <bin index="61" start="0.061" width="0.001" count="3" />
        <bin index="62" start="0.062" width="0.001" count="3" />
        <bin index="63" start="0.063" width="0.001" count="1" />
        <bin index="64" start="0.064" width="0.001" count="4" />
        <bin index="65" start="0.065" width="0.001" count="3" />
        <bin index="66" start="0.066" width="0.001" count="7" />
        <bin index="67" start="0.067" width="0.001" count="6" />
        <bin index="68" start="0.068" width="0.001" count="5" />
        <bin index="69" start="0.069" width="0.001" count="2" />
        <bin index="74" start="0.074" width="0.001" count="1" />
        <bin index="75" start="0.075" width="0.001" count="6" />
        <bin index="76" start="0.076" width="0.001" count="2" />
        <bin index="77" start="0.077" width="0.001" count="3" />
        <bin index="78" start="0.078" width="0.001" count="3" />
        <bin index="79" start="0.079" width="0.001" count="2" />
        <bin index="80" start="0.08" width="0.001" count="9" />
        <bin index="81" start="0.081" width="0.001" count="11" />
        <bin index="82" start="0.082" width="0.001" count="7" />
        <bin index="83" start="0.083" width="0.001" count="2" />
        <bin index="85" start="0.085" width="0.001" count="1" />
        <bin index="87" start="0.087" width="0.001" count="2" />
        <bin index="88" start="0.088" width="0.001" count="4" />
        <bin index="89" start="0.089" width="0.001" count="7" />
        <bin index="90" start="0.09" width="0.001" count="7" />
        <bin index="91" start="0.091" width="0.001" count="7" />
        <bin index="92" start="0.092" width="0.001" count="10" />
        <bin index="93" start="0.093" width="0.001" count="5" />
        <bin index="94" start="0.094" width="0.001" count="3" />
        <bin index="95" start="0.095" width="0.001" count="2" />
        <bin index="96" start="0.096" width="0.001" count="2" />
        <bin index="97" start="0.097" width="0.001" count="5" />
        <bin index="98" start="0.098" width="0.001" count="3" />
        <bin index="99" start="0.099" width="0.001" count="3" />
        <bin index="100" start="0.1" width="0.001" count="5" />
        <bin index="101" start="0.101" width="0.001" count="7" />
        <bin index="102" start="0.102" width="0.001" count="8" />
        <bin index="103" start="0.103" width="0.001" count="10" />
        <bin index="104" start="0.104" width="0.001" count="11" />
        <bin index="105" start="0.105" width="0.001" count="22" />
        <bin index="106" start="0.106" width="0.001" count="25" />
        <bin index="107" start="0.107" width="0.001" count="44" />
        <bin index="108" start="0.108" width="0.001" count="43" />
        <bin index="109" start="0.109" width="0.001" count="61" />
        <bin index="110" start="0.11" width="0.001" count="103" />
        <bin index="111" start="0.111" width="0.001" count="124" />
        <bin index="112" start="0.112" width="0.001" count="145" />
        <bin index="113" start="0.113" width="0.001" count="175" />
        <bin index="114" start="0.114" width="0.001" count="229" />
        <bin index="115" start="0.115" width="0.001" count="273" />
        <bin index="116" start="0.116" width="0.001" count="383" />
        <bin index="117" start="0.117" width="0.001" count="516" />
        <bin index="118" start="0.118" width="0.001" count="691" />
        <bin index="119" start="0.119" width="0.001" count="837" />
        <bin index="120" start="0.12" width="0.001" count="1046" />
        <bin index="121" start="0.121" width="0.001" count="1290" />
        <bin index="122" start="0.122" width="0.001" count="1571" />
        <bin index="123" start="0.123" width="0.001" count="1831" />
        <bin index="124" start="0.124" width="0.001" count="2078" />
        <bin index="125" start="0.125" width="0.001" count="2254" />
        <bin index="126" start="0.126" width="0.001" count="2423" />
        <bin index="127" start="0.127" width="0.001" count="2433" />
        <bin index="128" start="0.128" width="0.001" count="2338" />
        <bin index="129" start="0.129" width="0.001" count="2355" />
        <bin index="130" start="0.13" width="0.001" count="2406" />
        <bin index="131" start="0.131" width="0.001" count="2349" />
        <bin index="132" start="0.132" width="0.001" count="2215" />
        <bin index="133" start="0.133" width="0.001" count="2074" />
        <bin index="134" start="0.134" width="0.001" count="2025" />
        <bin index="135" start="0.135" width="0.001" count="1825" />
        <bin index="136" start="0.136" width="0.001" count="1602" />
        <bin index="137" start="0.137" width="0.001" count="1379" />
        <bin index="138" start="0.138" width="0.001" count="1210" />
        <bin index="139" start="0.139" width="0.001" count="1017" />
        <bin index="140" start="0.14" width="0.001" count="833" />
        <bin index="141" start="0.141" width="0.001" count="698" />
        <bin index="142" start="0.142" width="0.001" count="573" />
        <bin index="143" start="0.143" width="0.001" count="499" />
        <bin index="144" start="0.144" width="0.001" count="458" />
        <bin index="145" start="0.145" width="0.001" count="396" />
        <bin index="146" start="0.146" width="0.001" count="352" />
        <bin index="147" start="0.147" width="0.001" count="319" />
        <bin index="148" start="0.148" width="0.001" count="202" />
        <bin index="149" start="0.149" width="0.001" count="139" />
        <bin index="150" start="0.15" width="0.001" count="87" />
        <bin index="151" start="0.151" width="0.001" count="70" />
        <bin index="152" start="0.152" width="0.001" count="35" />
        <bin index="153" start="0.153" width="0.001" count="36" />
        <bin index="154" start="0.154" width="0.001" count="28" />
        <bin index="155" start="0.155" width="0.001" count="19" />
        <bin index="156" start="0.156" width="0.001" count="9" />
        <bin index="157" start="0.157" width="0.001" count="15" />
        <bin index="158" start="0.158" width="0.001" count="27" />
        <bin index="159" start="0.159" width="0.001" count="19" />
        <bin index="160" start="0.16" width="0.001" count="23" />
        <bin index="161" start="0.161" width="0.001" count="13" />
        <bin index="162" start="0.162" width="0.001" count="11" />
        <bin index="163" start="0.163" width="0.001" count="8" />
        <bin index="164" start="0.164" width="0.001" count="6" />
        <bin index="165" start="0.165" width="0.001" count="1" />
      </delayHistogram>
      <jitterHistogram nBins="20" >
        <bin index="0" start="0" width="0.001" count="26784" />
        <bin index="1" start="0.001" width="0.001" count="13466" />
        <bin index="2" start="0.002" width="0.001" count="3865" />
        <bin index="3" start="0.003" width="0.001" count="1424" />
        <bin index="4" start="0.004" width="0.001" count="561" />
        <bin index="5" start="0.005" width="0.001" count="241" />
        <bin index="6" start="0.006" width="0.001" count="123" />
        <bin index="7" start="0.007" width="0.001" count="68" />
        <bin index="8" start="0.008" width="0.001" count="29" />
        <bin index="9" start="0.009" width="0.001" count="19" />
        <bin index="10" start="0.01" width="0.001" count="15" />
        <bin index="11" start="0.011" width="0.001" count="12" />
        <bin index="12" start="0.012" width="0.001" count="4" />
        <bin index="13" start="0.013" width="0.001" count="1" />
        <bin index="14" start="0.014" width="0.001" count="2" />
        <bin index="15" start="0.015" width="0.001" count="2" />
        <bin index="17" start="0.017" width="0.001" count="2" />
        <bin index="19" start="0.019" width="0.001" count="1" />
      </jitterHistogram>
      <packetSizeHistogram nBins="53" >
        <bin index="2" start="40" width="20" count="2" />
        <bin index="52" start="1040" width="20" count="46618" />
      </packetSizeHistogram>
      <flowInterruptionsHistogram nBins="0" >
      </flowInterruptionsHistogram>
    </Flow>
    <Flow flowId="4" timeFirstTxPacket="+3009231080.0ns" timeFirstRxPacket="+3011309243.0ns" timeLastTxPacket="+49998941461.0ns" timeLastRxPacket="+49999161293.0ns" delaySum="+25890319717.0ns" jitterSum="+21279094455.0ns" lastDelay="+219832.0ns" txBytes="1212124" rxBytes="1212124" txPackets="23310" rxPackets="23310" lostPackets="0" timesForwarded="0">
      <delayHistogram nBins="19" >
        <bin index="0" start="0" width="0.001" count="12997" />
        <bin index="1" start="0.001" width="0.001" count="7205" />
        <bin index="2" start="0.002" width="0.001" count="1924" />
        <bin index="3" start="0.003" width="0.001" count="608" />
        <bin index="4" start="0.004" width="0.001" count="258" />
        <bin index="5" start="0.005" width="0.001" count="121" />
        <bin index="6" start="0.006" width="0.001" count="74" />
        <bin index="7" start="0.007" width="0.001" count="47" />
        <bin index="8" start="0.008" width="0.001" count="29" />
        <bin index="9" start="0.009" width="0.001" count="13" />
        <bin index="10" start="0.01" width="0.001" count="15" />
        <bin index="11" start="0.011" width="0.001" count="7" />
        <bin index="12" start="0.012" width="0.001" count="1" />
        <bin index="13" start="0.013" width="0.001" count="4" />
        <bin index="14" start="0.014" width="0.001" count="1" />
        <bin index="15" start="0.015" width="0.001" count="1" />
        <bin index="16" start="0.016" width="0.001" count="2" />
        <bin index="17" start="0.017" width="0.001" count="1" />
        <bin index="18" start="0.018" width="0.001" count="2" />
      </delayHistogram>
      <jitterHistogram nBins="19" >
        <bin index="0" start="0" width="0.001" count="14989" />
        <bin index="1" start="0.001" width="0.001" count="6548" />
        <bin index="2" start="0.002" width="0.001" count="1251" />
        <bin index="3" start="0.003" width="0.001" count="289" />
        <bin index="4" start="0.004" width="0.001" count="105" />
        <bin index="5" start="0.005" width="0.001" count="48" />
        <bin index="6" start="0.006" width="0.001" count="28" />
        <bin index="7" start="0.007" width="0.001" count="22" />
        <bin index="8" start="0.008" width="0.001" count="12" />
        <bin index="9" start="0.009" width="0.001" count="8" />
        <bin index="10" start="0.01" width="0.001" count="2" />
        <bin index="11" start="0.011" width="0.001" count="4" />
        <bin index="14" start="0.014" width="0.001" count="1" />
        <bin index="17" start="0.017" width="0.001" count="1" />
        <bin index="18" start="0.018" width="0.001" count="1" />
      </jitterHistogram>
      <packetSizeHistogram nBins="3" >
        <bin index="2" start="40" width="20" count="23310" />
      </packetSizeHistogram>
      <flowInterruptionsHistogram nBins="0" >
      </flowInterruptionsHistogram>
    </Flow>
  </FlowStats>
  <Ipv4FlowClassifier>
    <Flow flowId="2" sourceAddress="10.0.0.1" destinationAddress="10.0.0.2" protocol="6" sourcePort="9" destinationPort="49153">
      <Dscp value="0x0" packets="25260" />
    </Flow>
    <Flow flowId="4" sourceAddress="10.0.0.1" destinationAddress="10.0.0.3" protocol="6" sourcePort="9" destinationPort="49153">
      <Dscp value="0x0" packets="23310" />
    </Flow>
    <Flow flowId="1" sourceAddress="10.0.0.2" destinationAddress="10.0.0.1" protocol="6" sourcePort="49153" destinationPort="9">
      <Dscp value="0x0" packets="50648" />
    </Flow>
    <Flow flowId="3" sourceAddress="10.0.0.3" destinationAddress="10.0.0.1" protocol="6" sourcePort="49153" destinationPort="9">
      <Dscp value="0x0" packets="46750" />
    </Flow>
  </Ipv4FlowClassifier>
  <Ipv6FlowClassifier>
  </Ipv6FlowClassifier>
  <FlowProbes>
    <FlowProbe index="0">
      <FlowStats  flowId="1" packets="50648" bytes="53279700" delayFromFirstProbeSum="+0.0ns" >
      </FlowStats>
      <FlowStats  flowId="2" packets="25259" bytes="1313472" delayFromFirstProbeSum="+26765252448.0ns" >
      </FlowStats>
    </FlowProbe>
    <FlowProbe index="1">
    </FlowProbe>
    <FlowProbe index="2">
      <FlowStats  flowId="3" packets="46750" bytes="49179004" delayFromFirstProbeSum="+0.0ns" >
      </FlowStats>
      <FlowStats  flowId="4" packets="23310" bytes="1212124" delayFromFirstProbeSum="+25890319717.0ns" >
      </FlowStats>
    </FlowProbe>
    <FlowProbe index="3">
    </FlowProbe>
    <FlowProbe index="4">
      <FlowStats  flowId="1" packets="50520" bytes="53145044" delayFromFirstProbeSum="+6315600046750.0ns" >
      </FlowStats>
      <FlowStats  flowId="2" packets="25260" bytes="1313524" delayFromFirstProbeSum="+0.0ns" >
      </FlowStats>
      <FlowStats  flowId="3" packets="46620" bytes="49042244" delayFromFirstProbeSum="+6049022904061.0ns" >
      </FlowStats>
      <FlowStats  flowId="4" packets="23310" bytes="1212124" delayFromFirstProbeSum="+0.0ns" >
      </FlowStats>
    </FlowProbe>
    <FlowProbe index="5">
    </FlowProbe>
  </FlowProbes>
</FlowMonitor>
