<?xml version="1.0" ?>
<FlowMonitor>
  <FlowStats>
    <Flow flowId="1" timeFirstTxPacket="+1000000000.0ns" timeFirstRxPacket="+1003529499.0ns" timeLastTxPacket="+49999627966.0ns" timeLastRxPacket="+49999930160.0ns" delaySum="+6306478308130.0ns" jitterSum="+57506956762.0ns" lastDelay="+121500679.0ns" txBytes="51289316" rxBytes="51153608" txPackets="48756" rxPackets="48627" lostPackets="0" timesForwarded="0">
      <delayHistogram nBins="196" >
        <bin index="0" start="0" width="0.001" count="2" />
        <bin index="1" start="0.001" width="0.001" count="3" />
        <bin index="2" start="0.002" width="0.001" count="7" />
        <bin index="3" start="0.003" width="0.001" count="3" />
        <bin index="4" start="0.004" width="0.001" count="1" />
        <bin index="5" start="0.005" width="0.001" count="3" />
        <bin index="6" start="0.006" width="0.001" count="3" />
        <bin index="7" start="0.007" width="0.001" count="2" />
        <bin index="8" start="0.008" width="0.001" count="2" />
        <bin index="9" start="0.009" width="0.001" count="5" />
        <bin index="10" start="0.01" width="0.001" count="8" />
        <bin index="11" start="0.011" width="0.001" count="6" />
        <bin index="12" start="0.012" width="0.001" count="5" />
        <bin index="14" start="0.014" width="0.001" count="3" />
        <bin index="15" start="0.015" width="0.001" count="2" />
        <bin index="16" start="0.016" width="0.001" count="2" />
        <bin index="17" start="0.017" width="0.001" count="4" />
        <bin index="18" start="0.018" width="0.001" count="5" />
        <bin index="19" start="0.019" width="0.001" count="4" />
        <bin index="21" start="0.021" width="0.001" count="1" />
        <bin index="26" start="0.026" width="0.001" count="1" />
        <bin index="27" start="0.027" width="0.001" count="2" />
        <bin index="28" start="0.028" width="0.001" count="2" />
        <bin index="29" start="0.029" width="0.001" count="3" />
        <bin index="30" start="0.03" width="0.001" count="4" />
        <bin index="31" start="0.031" width="0.001" count="5" />
        <bin index="32" start="0.032" width="0.001" count="3" />
        <bin index="33" start="0.033" width="0.001" count="5" />
        <bin index="34" start="0.034" width="0.001" count="5" />
        <bin index="35" start="0.035" width="0.001" count="5" />
        <bin index="36" start="0.036" width="0.001" count="5" />
        <bin index="37" start="0.037" width="0.001" count="6" />
        <bin index="38" start="0.038" width="0.001" count="5" />
        <bin index="39" start="0.039" width="0.001" count="2" />
        <bin index="40" start="0.04" width="0.001" count="2" />
        <bin index="41" start="0.041" width="0.001" count="1" />
        <bin index="42" start="0.042" width="0.001" count="1" />
        <bin index="43" start="0.043" width="0.001" count="2" />
        <bin index="44" start="0.044" width="0.001" count="2" />
        <bin index="45" start="0.045" width="0.001" count="4" />
        <bin index="46" start="0.046" width="0.001" count="5" />
        <bin index="47" start="0.047" width="0.001" count="3" />
        <bin index="48" start="0.048" width="0.001" count="2" />
        <bin index="49" start="0.049" width="0.001" count="2" />
        <bin index="50" start="0.05" width="0.001" count="1" />
        <bin index="51" start="0.051" width="0.001" count="1" />
        <bin index="54" start="0.054" width="0.001" count="1" />
        <bin index="55" start="0.055" width="0.001" count="4" />
        <bin index="56" start="0.056" width="0.001" count="3" />
        <bin index="57" start="0.057" width="0.001" count="6" />
        <bin index="58" start="0.058" width="0.001" count="5" />
        <bin index="59" start="0.059" width="0.001" count="2" />
        <bin index="60" start="0.06" width="0.001" count="6" />
        <bin index="61" start="0.061" width="0.001" count="9" />
        <bin index="62" start="0.062" width="0.001" count="4" />
        <bin index="63" start="0.063" width="0.001" count="3" />
        <bin index="64" start="0.064" width="0.001" count="1" />
        <bin index="65" start="0.065" width="0.001" count="3" />
        <bin index="66" start="0.066" width="0.001" count="4" />
        <bin index="67" start="0.067" width="0.001" count="3" />
        <bin index="68" start="0.068" width="0.001" count="2" />
        <bin index="69" start="0.069" width="0.001" count="2" />
        <bin index="74" start="0.074" width="0.001" count="3" />
        <bin index="75" start="0.075" width="0.001" count="4" />
        <bin index="76" start="0.076" width="0.001" count="6" />
        <bin index="77" start="0.077" width="0.001" count="5" />
        <bin index="78" start="0.078" width="0.001" count="5" />
        <bin index="79" start="0.079" width="0.001" count="6" />
        <bin index="80" start="0.08" width="0.001" count="5" />
        <bin index="81" start="0.081" width="0.001" count="3" />
        <bin index="82" start="0.082" width="0.001" count="4" />
        <bin index="83" start="0.083" width="0.001" count="3" />
        <bin index="84" start="0.084" width="0.001" count="2" />
        <bin index="85" start="0.085" width="0.001" count="1" />
        <bin index="86" start="0.086" width="0.001" count="2" />
        <bin index="87" start="0.087" width="0.001" count="2" />
        <bin index="88" start="0.088" width="0.001" count="6" />
        <bin index="89" start="0.089" width="0.001" count="3" />
        <bin index="90" start="0.09" width="0.001" count="4" />
        <bin index="91" start="0.091" width="0.001" count="2" />
        <bin index="93" start="0.093" width="0.001" count="3" />
        <bin index="94" start="0.094" width="0.001" count="2" />
        <bin index="95" start="0.095" width="0.001" count="3" />
        <bin index="96" start="0.096" width="0.001" count="3" />
        <bin index="97" start="0.097" width="0.001" count="2" />
        <bin index="98" start="0.098" width="0.001" count="2" />
        <bin index="99" start="0.099" width="0.001" count="2" />
        <bin index="100" start="0.1" width="0.001" count="4" />
        <bin index="101" start="0.101" width="0.001" count="5" />
        <bin index="102" start="0.102" width="0.001" count="7" />
        <bin index="103" start="0.103" width="0.001" count="17" />
        <bin index="104" start="0.104" width="0.001" count="15" />
        <bin index="105" start="0.105" width="0.001" count="20" />
        <bin index="106" start="0.106" width="0.001" count="28" />
        <bin index="107" start="0.107" width="0.001" count="41" />
        <bin index="108" start="0.108" width="0.001" count="58" />
        <bin index="109" start="0.109" width="0.001" count="76" />
        <bin index="110" start="0.11" width="0.001" count="120" />
        <bin index="111" start="0.111" width="0.001" count="153" />
        <bin index="112" start="0.112" width="0.001" count="215" />
        <bin index="113" start="0.113" width="0.001" count="289" />
        <bin index="114" start="0.114" width="0.001" count="338" />
        <bin index="115" start="0.115" width="0.001" count="395" />
        <bin index="116" start="0.116" width="0.001" count="447" />
        <bin index="117" start="0.117" width="0.001" count="635" />
        <bin index="118" start="0.118" width="0.001" count="768" />
        <bin index="119" start="0.119" width="0.001" count="974" />
        <bin index="120" start="0.12" width="0.001" count="1238" />
        <bin index="121" start="0.121" width="0.001" count="1473" />
        <bin index="122" start="0.122" width="0.001" count="1635" />
        <bin index="123" start="0.123" width="0.001" count="1811" />
        <bin index="124" start="0.124" width="0.001" count="1982" />
        <bin index="125" start="0.125" width="0.001" count="2205" />
        <bin index="126" start="0.126" width="0.001" count="2416" />
        <bin index="127" start="0.127" width="0.001" count="2396" />
        <bin index="128" start="0.128" width="0.001" count="2480" />
        <bin index="129" start="0.129" width="0.001" count="2385" />
        <bin index="130" start="0.13" width="0.001" count="2336" />
        <bin index="131" start="0.131" width="0.001" count="2327" />
        <bin index="132" start="0.132" width="0.001" count="2216" />
        <bin index="133" start="0.133" width="0.001" count="2148" />
        <bin index="134" start="0.134" width="0.001" count="2021" />
        <bin index="135" start="0.135" width="0.001" count="1771" />
        <bin index="136" start="0.136" width="0.001" count="1656" />
        <bin index="137" start="0.137" width="0.001" count="1517" />
        <bin index="138" start="0.138" width="0.001" count="1195" />
        <bin index="139" start="0.139" width="0.001" count="1087" />
        <bin index="140" start="0.14" width="0.001" count="1061" />
        <bin index="141" start="0.141" width="0.001" count="865" />
        <bin index="142" start="0.142" width="0.001" count="754" />
        <bin index="143" start="0.143" width="0.001" count="614" />
        <bin index="144" start="0.144" width="0.001" count="552" />
        <bin index="145" start="0.145" width="0.001" count="394" />
        <bin index="146" start="0.146" width="0.001" count="304" />
        <bin index="147" start="0.147" width="0.001" count="210" />
        <bin index="148" start="0.148" width="0.001" count="144" />
        <bin index="149" start="0.149" width="0.001" count="86" />
        <bin index="150" start="0.15" width="0.001" count="54" />
        <bin index="151" start="0.151" width="0.001" count="43" />
        <bin index="152" start="0.152" width="0.001" count="32" />
        <bin index="153" start="0.153" width="0.001" count="33" />
        <bin index="154" start="0.154" width="0.001" count="26" />
        <bin index="155" start="0.155" width="0.001" count="26" />
        <bin index="156" start="0.156" width="0.001" count="18" />
        <bin index="157" start="0.157" width="0.001" count="12" />
        <bin index="158" start="0.158" width="0.001" count="12" />
        <bin index="159" start="0.159" width="0.001" count="11" />
        <bin index="160" start="0.16" width="0.001" count="14" />
        <bin index="161" start="0.161" width="0.001" count="20" />
        <bin index="162" start="0.162" width="0.001" count="9" />
        <bin index="163" start="0.163" width="0.001" count="3" />
        <bin index="164" start="0.164" width="0.001" count="2" />
        <bin index="165" start="0.165" width="0.001" count="5" />
        <bin index="166" start="0.166" width="0.001" count="1" />
        <bin index="178" start="0.178" width="0.001" count="1" />
        <bin index="179" start="0.179" width="0.001" count="4" />
        <bin index="180" start="0.18" width="0.001" count="5" />
        <bin index="181" start="0.181" width="0.001" count="6" />
        <bin index="182" start="0.182" width="0.001" count="5" />
        <bin index="183" start="0.183" width="0.001" count="2" />
        <bin index="184" start="0.184" width="0.001" count="4" />
        <bin index="185" start="0.185" width="0.001" count="11" />
        <bin index="186" start="0.186" width="0.001" count="13" />
        <bin index="187" start="0.187" width="0.001" count="15" />
        <bin index="188" start="0.188" width="0.001" count="15" />
        <bin index="189" start="0.189" width="0.001" count="8" />
        <bin index="190" start="0.19" width="0.001" count="8" />
        <bin index="191" start="0.191" width="0.001" count="15" />
        <bin index="192" start="0.192" width="0.001" count="10" />
        <bin index="193" start="0.193" width="0.001" count="5" />
        <bin index="194" start="0.194" width="0.001" count="3" />
        <bin index="195" start="0.195" width="0.001" count="1" />
      </delayHistogram>
      <jitterHistogram nBins="59" >
        <bin index="0" start="0" width="0.001" count="28074" />
        <bin index="1" start="0.001" width="0.001" count="14089" />
        <bin index="2" start="0.002" width="0.001" count="3933" />
        <bin index="3" start="0.003" width="0.001" count="1440" />
        <bin index="4" start="0.004" width="0.001" count="554" />
        <bin index="5" start="0.005" width="0.001" count="245" />
        <bin index="6" start="0.006" width="0.001" count="122" />
        <bin index="7" start="0.007" width="0.001" count="58" />
        <bin index="8" start="0.008" width="0.001" count="46" />
        <bin index="9" start="0.009" width="0.001" count="19" />
        <bin index="10" start="0.01" width="0.001" count="12" />
        <bin index="11" start="0.011" width="0.001" count="11" />
        <bin index="12" start="0.012" width="0.001" count="8" />
        <bin index="13" start="0.013" width="0.001" count="4" />
        <bin index="14" start="0.014" width="0.001" count="2" />
        <bin index="16" start="0.016" width="0.001" count="3" />
        <bin index="17" start="0.017" width="0.001" count="2" />
        <bin index="18" start="0.018" width="0.001" count="2" />
        <bin index="57" start="0.057" width="0.001" count="1" />
        <bin index="58" start="0.058" width="0.001" count="1" />
      </jitterHistogram>
      <packetSizeHistogram nBins="53" >
        <bin index="2" start="40" width="20" count="2" />
        <bin index="52" start="1040" width="20" count="48625" />
      </packetSizeHistogram>
      <flowInterruptionsHistogram nBins="0" >
      </flowInterruptionsHistogram>
    </Flow>
    <Flow flowId="2" timeFirstTxPacket="+1000000000.0ns" timeFirstRxPacket="+1006664499.0ns" timeLastTxPacket="+49999067973.0ns" timeLastRxPacket="+49999347828.0ns" delaySum="+6308383782529.0ns" jitterSum="+57501347763.0ns" lastDelay="+143398066.0ns" txBytes="51470260" rxBytes="51333500" txPackets="48928" rxPackets="48798" lostPackets="0" timesForwarded="0">
      <delayHistogram nBins="165" >
        <bin index="0" start="0" width="0.001" count="7" />
        <bin index="1" start="0.001" width="0.001" count="5" />
        <bin index="2" start="0.002" width="0.001" count="3" />
        <bin index="3" start="0.003" width="0.001" count="3" />
        <bin index="4" start="0.004" width="0.001" count="4" />
        <bin index="5" start="0.005" width="0.001" count="1" />
        <bin index="6" start="0.006" width="0.001" count="6" />
        <bin index="7" start="0.007" width="0.001" count="8" />
        <bin index="8" start="0.008" width="0.001" count="3" />
        <bin index="10" start="0.01" width="0.001" count="2" />
        <bin index="12" start="0.012" width="0.001" count="2" />
        <bin index="13" start="0.013" width="0.001" count="5" />
        <bin index="14" start="0.014" width="0.001" count="1" />
        <bin index="15" start="0.015" width="0.001" count="3" />
        <bin index="16" start="0.016" width="0.001" count="2" />
        <bin index="17" start="0.017" width="0.001" count="3" />
        <bin index="18" start="0.018" width="0.001" count="3" />
        <bin index="19" start="0.019" width="0.001" count="1" />
        <bin index="20" start="0.02" width="0.001" count="3" />
        <bin index="21" start="0.021" width="0.001" count="3" />
        <bin index="22" start="0.022" width="0.001" count="1" />
        <bin index="23" start="0.023" width="0.001" count="2" />
        <bin index="24" start="0.024" width="0.001" count="5" />
        <bin index="25" start="0.025" width="0.001" count="5" />
        <bin index="26" start="0.026" width="0.001" count="7" />
        <bin index="27" start="0.027" width="0.001" count="5" />
        <bin index="28" start="0.028" width="0.001" count="9" />
        <bin index="29" start="0.029" width="0.001" count="7" />
        <bin index="30" start="0.03" width="0.001" count="4" />
        <bin index="31" start="0.031" width="0.001" count="5" />
        <bin index="32" start="0.032" width="0.001" count="1" />
        <bin index="33" start="0.033" width="0.001" count="2" />
        <bin index="34" start="0.034" width="0.001" count="2" />
        <bin index="35" start="0.035" width="0.001" count="1" />
        <bin index="37" start="0.037" width="0.001" count="1" />
        <bin index="39" start="0.039" width="0.001" count="2" />
        <bin index="41" start="0.041" width="0.001" count="4" />
        <bin index="42" start="0.042" width="0.001" count="3" />
        <bin index="43" start="0.043" width="0.001" count="2" />
        <bin index="44" start="0.044" width="0.001" count="2" />
        <bin index="45" start="0.045" width="0.001" count="2" />
        <bin index="46" start="0.046" width="0.001" count="4" />
        <bin index="47" start="0.047" width="0.001" count="1" />
        <bin index="48" start="0.048" width="0.001" count="1" />
        <bin index="49" start="0.049" width="0.001" count="1" />
        <bin index="50" start="0.05" width="0.001" count="2" />
        <bin index="51" start="0.051" width="0.001" count="2" />
        <bin index="52" start="0.052" width="0.001" count="2" />
        <bin index="53" start="0.053" width="0.001" count="3" />
        <bin index="54" start="0.054" width="0.001" count="2" />
        <bin index="55" start="0.055" width="0.001" count="7" />
        <bin index="56" start="0.056" width="0.001" count="6" />
        <bin index="57" start="0.057" width="0.001" count="8" />
        <bin index="58" start="0.058" width="0.001" count="7" />
        <bin index="59" start="0.059" width="0.001" count="6" />
        <bin index="60" start="0.06" width="0.001" count="3" />
        <bin index="62" start="0.062" width="0.001" count="2" />
        <bin index="63" start="0.063" width="0.001" count="1" />
        <bin index="64" start="0.064" width="0.001" count="6" />
        <bin index="65" start="0.065" width="0.001" count="4" />
        <bin index="66" start="0.066" width="0.001" count="2" />
        <bin index="67" start="0.067" width="0.001" count="3" />
        <bin index="68" start="0.068" width="0.001" count="2" />
        <bin index="69" start="0.069" width="0.001" count="2" />
        <bin index="70" start="0.07" width="0.001" count="3" />
        <bin index="71" start="0.071" width="0.001" count="2" />
        <bin index="72" start="0.072" width="0.001" count="5" />
        <bin index="73" start="0.073" width="0.001" count="4" />
        <bin index="74" start="0.074" width="0.001" count="2" />
        <bin index="75" start="0.075" width="0.001" count="4" />
        <bin index="76" start="0.076" width="0.001" count="11" />
        <bin index="77" start="0.077" width="0.001" count="10" />
        <bin index="78" start="0.078" width="0.001" count="9" />
        <bin index="79" start="0.079" width="0.001" count="12" />
        <bin index="80" start="0.08" width="0.001" count="6" />
        <bin index="81" start="0.081" width="0.001" count="4" />
        <bin index="82" start="0.082" width="0.001" count="4" />
        <bin index="83" start="0.083" width="0.001" count="9" />
        <bin index="84" start="0.084" width="0.001" count="9" />
        <bin index="85" start="0.085" width="0.001" count="9" />
        <bin index="86" start="0.086" width="0.001" count="13" />
        <bin index="87" start="0.087" width="0.001" count="15" />
        <bin index="88" start="0.088" width="0.001" count="7" />
        <bin index="89" start="0.089" width="0.001" count="11" />
        <bin index="90" start="0.09" width="0.001" count="9" />
        <bin index="91" start="0.091" width="0.001" count="12" />
        <bin index="92" start="0.092" width="0.001" count="11" />
        <bin index="93" start="0.093" width="0.001" count="6" />
        <bin index="94" start="0.094" width="0.001" count="8" />
        <bin index="95" start="0.095" width="0.001" count="6" />
        <bin index="96" start="0.096" width="0.001" count="5" />
        <bin index="97" start="0.097" width="0.001" count="5" />
        <bin index="98" start="0.098" width="0.001" count="5" />
        <bin index="99" start="0.099" width="0.001" count="3" />
        <bin index="100" start="0.1" width="0.001" count="3" />
        <bin index="101" start="0.101" width="0.001" count="4" />
        <bin index="102" start="0.102" width="0.001" count="9" />
        <bin index="103" start="0.103" width="0.001" count="13" />
        <bin index="104" start="0.104" width="0.001" count="20" />
        <bin index="105" start="0.105" width="0.001" count="31" />
        <bin index="106" start="0.106" width="0.001" count="32" />
        <bin index="107" start="0.107" width="0.001" count="29" />
        <bin index="108" start="0.108" width="0.001" count="36" />
        <bin index="109" start="0.109" width="0.001" count="54" />
        <bin index="110" start="0.11" width="0.001" count="66" />
        <bin index="111" start="0.111" width="0.001" count="93" />
        <bin index="112" start="0.112" width="0.001" count="138" />
        <bin index="113" start="0.113" width="0.001" count="228" />
        <bin index="114" start="0.114" width="0.001" count="287" />
        <bin index="115" start="0.115" width="0.001" count="480" />
        <bin index="116" start="0.116" width="0.001" count="590" />
        <bin index="117" start="0.117" width="0.001" count="796" />
        <bin index="118" start="0.118" width="0.001" count="949" />
        <bin index="119" start="0.119" width="0.001" count="1118" />
        <bin index="120" start="0.12" width="0.001" count="1357" />
        <bin index="121" start="0.121" width="0.001" count="1475" />
        <bin index="122" start="0.122" width="0.001" count="1741" />
        <bin index="123" start="0.123" width="0.001" count="1876" />
        <bin index="124" start="0.124" width="0.001" count="2032" />
        <bin index="125" start="0.125" width="0.001" count="2230" />
        <bin index="126" start="0.126" width="0.001" count="2353" />
        <bin index="127" start="0.127" width="0.001" count="2437" />
        <bin index="128" start="0.128" width="0.001" count="2441" />
        <bin index="129" start="0.129" width="0.001" count="2387" />
        <bin index="130" start="0.13" width="0.001" count="2442" />
        <bin index="131" start="0.131" width="0.001" count="2382" />
        <bin index="132" start="0.132" width="0.001" count="2184" />
        <bin index="133" start="0.133" width="0.001" count="1985" />
        <bin index="134" start="0.134" width="0.001" count="1916" />
        <bin index="135" start="0.135" width="0.001" count="1705" />
        <bin index="136" start="0.136" width="0.001" count="1537" />
        <bin index="137" start="0.137" width="0.001" count="1322" />
        <bin index="138" start="0.138" width="0.001" count="1193" />
        <bin index="139" start="0.139" width="0.001" count="1084" />
        <bin index="140" start="0.14" width="0.001" count="881" />
        <bin index="141" start="0.141" width="0.001" count="820" />
        <bin index="142" start="0.142" width="0.001" count="754" />
        <bin index="143" start="0.143" width="0.001" count="604" />
        <bin index="144" start="0.144" width="0.001" count="430" />
        <bin index="145" start="0.145" width="0.001" count="334" />
        <bin index="146" start="0.146" width="0.001" count="292" />
        <bin index="147" start="0.147" width="0.001" count="265" />
        <bin index="148" start="0.148" width="0.001" count="207" />
        <bin index="149" start="0.149" width="0.001" count="151" />
        <bin index="150" start="0.15" width="0.001" count="125" />
        <bin index="151" start="0.151" width="0.001" count="112" />
        <bin index="152" start="0.152" width="0.001" count="90" />
        <bin index="153" start="0.153" width="0.001" count="76" />
        <bin index="154" start="0.154" width="0.001" count="56" />
        <bin index="155" start="0.155" width="0.001" count="30" />
        <bin index="156" start="0.156" width="0.001" count="12" />
        <bin index="157" start="0.157" width="0.001" count="6" />
        <bin index="158" start="0.158" width="0.001" count="8" />
        <bin index="159" start="0.159" width="0.001" count="17" />
        <bin index="160" start="0.16" width="0.001" count="14" />
        <bin index="161" start="0.161" width="0.001" count="13" />
        <bin index="162" start="0.162" width="0.001" count="5" />
        <bin index="163" start="0.163" width="0.001" count="3" />
        <bin index="164" start="0.164" width="0.001" count="2" />
      </delayHistogram>
      <jitterHistogram nBins="25" >
        <bin index="0" start="0" width="0.001" count="28353" />
        <bin index="1" start="0.001" width="0.001" count="13971" />
        <bin index="2" start="0.002" width="0.001" count="3905" />
        <bin index="3" start="0.003" width="0.001" count="1462" />
        <bin index="4" start="0.004" width="0.001" count="539" />
        <bin index="5" start="0.005" width="0.001" count="275" />
        <bin index="6" start="0.006" width="0.001" count="112" />
        <bin index="7" start="0.007" width="0.001" count="63" />
        <bin index="8" start="0.008" width="0.001" count="48" />
        <bin index="9" start="0.009" width="0.001" count="22" />
        <bin index="10" start="0.01" width="0.001" count="13" />
        <bin index="11" start="0.011" width="0.001" count="9" />
        <bin index="12" start="0.012" width="0.001" count="3" />
        <bin index="13" start="0.013" width="0.001" count="6" />
        <bin index="14" start="0.014" width="0.001" count="5" />
        <bin index="15" start="0.015" width="0.001" count="2" />
        <bin index="16" start="0.016" width="0.001" count="3" />
        <bin index="17" start="0.017" width="0.001" count="3" />
        <bin index="18" start="0.018" width="0.001" count="1" />
        <bin index="23" start="0.023" width="0.001" count="1" />
        <bin index="24" start="0.024" width="0.001" count="1" />
      </jitterHistogram>
      <packetSizeHistogram nBins="53" >
        <bin index="2" start="40" width="20" count="2" />
        <bin index="52" start="1040" width="20" count="48796" />
      </packetSizeHistogram>
      <flowInterruptionsHistogram nBins="0" >
      </flowInterruptionsHistogram>
    </Flow>
    <Flow flowId="3" timeFirstTxPacket="+1003529499.0ns" timeFirstRxPacket="+1011680323.0ns" timeLastTxPacket="+49999930160.0ns" timeLastRxPacket="+49999492661.0ns" delaySum="+27174008954.0ns" jitterSum="+22323770305.0ns" lastDelay="+1120497.0ns" txBytes="1264332" rxBytes="1264280" txPackets="24314" rxPackets="24313" lostPackets="0" timesForwarded="0">
      <delayHistogram nBins="18" >
        <bin index="0" start="0" width="0.001" count="13504" />
        <bin index="1" start="0.001" width="0.001" count="7584" />
        <bin index="2" start="0.002" width="0.001" count="1997" />
        <bin index="3" start="0.003" width="0.001" count="573" />
        <bin index="4" start="0.004" width="0.001" count="281" />
        <bin index="5" start="0.005" width="0.001" count="150" />
        <bin index="6" start="0.006" width="0.001" count="84" />
        <bin index="7" start="0.007" width="0.001" count="48" />
        <bin index="8" start="0.008" width="0.001" count="33" />
        <bin index="9" start="0.009" width="0.001" count="19" />
        <bin index="10" start="0.01" width="0.001" count="13" />
        <bin index="11" start="0.011" width="0.001" count="7" />
        <bin index="12" start="0.012" width="0.001" count="6" />
        <bin index="13" start="0.013" width="0.001" count="4" />
        <bin index="14" start="0.014" width="0.001" count="2" />
        <bin index="15" start="0.015" width="0.001" count="4" />
        <bin index="16" start="0.016" width="0.001" count="3" />
        <bin index="17" start="0.017" width="0.001" count="1" />
      </delayHistogram>
      <jitterHistogram nBins="18" >
        <bin index="0" start="0" width="0.001" count="15624" />
        <bin index="1" start="0.001" width="0.001" count="6805" />
        <bin index="2" start="0.002" width="0.001" count="1298" />
        <bin index="3" start="0.003" width="0.001" count="308" />
        <bin index="4" start="0.004" width="0.001" count="125" />
        <bin index="5" start="0.005" width="0.001" count="62" />
        <bin index="6" start="0.006" width="0.001" count="34" />
        <bin index="7" start="0.007" width="0.001" count="20" />
        <bin index="8" start="0.008" width="0.001" count="17" />
        <bin index="9" start="0.009" width="0.001" count="6" />
        <bin index="10" start="0.01" width="0.001" count="3" />
        <bin index="11" start="0.011" width="0.001" count="3" />
        <bin index="12" start="0.012" width="0.001" count="2" />
        <bin index="13" start="0.013" width="0.001" count="1" />
        <bin index="15" start="0.015" width="0.001" count="1" />
        <bin index="16" start="0.016" width="0.001" count="2" />
        <bin index="17" start="0.017" width="0.001" count="1" />
      </jitterHistogram>
      <packetSizeHistogram nBins="3" >
        <bin index="2" start="40" width="20" count="24313" />
      </packetSizeHistogram>
      <flowInterruptionsHistogram nBins="0" >
      </flowInterruptionsHistogram>
    </Flow>
    <Flow flowId="4" timeFirstTxPacket="+1006664499.0ns" timeFirstRxPacket="+1007361998.0ns" timeLastTxPacket="+49996521835.0ns" timeLastRxPacket="+49998919329.0ns" delaySum="+27167457962.0ns" jitterSum="+22310285935.0ns" lastDelay="+2397494.0ns" txBytes="1268752" rxBytes="1268752" txPackets="24399" rxPackets="24399" lostPackets="0" timesForwarded="0">
      <delayHistogram nBins="18" >
        <bin index="0" start="0" width="0.001" count="13530" />
        <bin index="1" start="0.001" width="0.001" count="7627" />
        <bin index="2" start="0.002" width="0.001" count="2032" />
        <bin index="3" start="0.003" width="0.001" count="597" />
        <bin index="4" start="0.004" width="0.001" count="254" />
        <bin index="5" start="0.005" width="0.001" count="144" />
        <bin index="6" start="0.006" width="0.001" count="82" />
        <bin index="7" start="0.007" width="0.001" count="49" />
        <bin index="8" start="0.008" width="0.001" count="28" />
        <bin index="9" start="0.009" width="0.001" count="16" />
        <bin index="10" start="0.01" width="0.001" count="11" />
        <bin index="11" start="0.011" width="0.001" count="10" />
        <bin index="12" start="0.012" width="0.001" count="6" />
        <bin index="13" start="0.013" width="0.001" count="6" />
        <bin index="14" start="0.014" width="0.001" count="2" />
        <bin index="15" start="0.015" width="0.001" count="2" />
        <bin index="16" start="0.016" width="0.001" count="2" />
        <bin index="17" start="0.017" width="0.001" count="1" />
      </delayHistogram>
      <jitterHistogram nBins="18" >
        <bin index="0" start="0" width="0.001" count="15689" />
        <bin index="1" start="0.001" width="0.001" count="6857" />
        <bin index="2" start="0.002" width="0.001" count="1283" />
        <bin index="3" start="0.003" width="0.001" count="319" />
        <bin index="4" start="0.004" width="0.001" count="107" />
        <bin index="5" start="0.005" width="0.001" count="54" />
        <bin index="6" start="0.006" width="0.001" count="38" />
        <bin index="7" start="0.007" width="0.001" count="16" />
        <bin index="8" start="0.008" width="0.001" count="12" />
        <bin index="9" start="0.009" width="0.001" count="8" />
        <bin index="10" start="0.01" width="0.001" count="3" />
        <bin index="11" start="0.011" width="0.001" count="3" />
        <bin index="12" start="0.012" width="0.001" count="4" />
        <bin index="13" start="0.013" width="0.001" count="2" />
        <bin index="15" start="0.015" width="0.001" count="2" />
        <bin index="17" start="0.017" width="0.001" count="1" />
      </jitterHistogram>
      <packetSizeHistogram nBins="3" >
        <bin index="2" start="40" width="20" count="24399" />
      </packetSizeHistogram>
      <flowInterruptionsHistogram nBins="0" >
      </flowInterruptionsHistogram>
    </Flow>
  </FlowStats>
  <Ipv4FlowClassifier>
    <Flow flowId="3" sourceAddress="10.0.0.1" destinationAddress="10.0.0.2" protocol="6" sourcePort="9" destinationPort="49153">
      <Dscp value="0x0" packets="24314" />
    </Flow>
    <Flow flowId="4" sourceAddress="10.0.0.1" destinationAddress="10.0.0.3" protocol="6" sourcePort="9" destinationPort="49153">
      <Dscp value="0x0" packets="24399" />
    </Flow>
    <Flow flowId="1" sourceAddress="10.0.0.2" destinationAddress="10.0.0.1" protocol="6" sourcePort="49153" destinationPort="9">
      <Dscp value="0x0" packets="48756" />
    </Flow>
    <Flow flowId="2" sourceAddress="10.0.0.3" destinationAddress="10.0.0.1" protocol="6" sourcePort="49153" destinationPort="9">
      <Dscp value="0x0" packets="48928" />
    </Flow>
  </Ipv4FlowClassifier>
  <Ipv6FlowClassifier>
  </Ipv6FlowClassifier>
  <FlowProbes>
    <FlowProbe index="0">
      <FlowStats  flowId="1" packets="48756" bytes="51289316" delayFromFirstProbeSum="+0.0ns" >
      </FlowStats>
      <FlowStats  flowId="3" packets="24313" bytes="1264280" delayFromFirstProbeSum="+27174008954.0ns" >
      </FlowStats>
    </FlowProbe>
    <FlowProbe index="1">
    </FlowProbe>
    <FlowProbe index="2">
      <FlowStats  flowId="2" packets="48928" bytes="51470260" delayFromFirstProbeSum="+0.0ns" >
      </FlowStats>
      <FlowStats  flowId="4" packets="24399" bytes="1268752" delayFromFirstProbeSum="+27167457962.0ns" >
      </FlowStats>
    </FlowProbe>
    <FlowProbe index="3">
    </FlowProbe>
    <FlowProbe index="4">
      <FlowStats  flowId="1" packets="48627" bytes="51153608" delayFromFirstProbeSum="+6306478308130.0ns" >
      </FlowStats>
      <FlowStats  flowId="2" packets="48798" bytes="51333500" delayFromFirstProbeSum="+6308383782529.0ns" >
      </FlowStats>
      <FlowStats  flowId="3" packets="24314" bytes="1264332" delayFromFirstProbeSum="+0.0ns" >
      </FlowStats>
      <FlowStats  flowId="4" packets="24399" bytes="1268752" delayFromFirstProbeSum="+0.0ns" >
      </FlowStats>
    </FlowProbe>
    <FlowProbe index="5">
    </FlowProbe>
  </FlowProbes>
</FlowMonitor>
